,x,KWH,date,time,days_since_today
0,2023-03-07 01:00:00+01:00,-0.00047666667,2023-03-07,01:00:00,9
1,2023-03-07 01:10:00+01:00,-0.0019366667,2023-03-07,01:10:00,9
2,2023-03-07 01:20:00+01:00,-0.00114,2023-03-07,01:20:00,9
3,2023-03-07 01:30:00+01:00,0.29370335,2023-03-07,01:30:00,9
4,2023-03-07 01:40:00+01:00,0.308565,2023-03-07,01:40:00,9
5,2023-03-07 01:50:00+01:00,0.25199,2023-03-07,01:50:00,9
6,2023-03-07 02:00:00+01:00,0.26754,2023-03-07,02:00:00,9
7,2023-03-07 02:10:00+01:00,0.355405,2023-03-07,02:10:00,9
8,2023-03-07 02:20:00+01:00,0.34323335,2023-03-07,02:20:00,9
9,2023-03-07 02:30:00+01:00,0.275255,2023-03-07,02:30:00,9
10,2023-03-07 02:40:00+01:00,0.24265167,2023-03-07,02:40:00,9
11,2023-03-07 02:50:00+01:00,0.29683834,2023-03-07,02:50:00,9
12,2023-03-07 03:00:00+01:00,0.35926166,2023-03-07,03:00:00,9
13,2023-03-07 03:10:00+01:00,1.2428,2023-03-07,03:10:00,9
14,2023-03-07 03:20:00+01:00,1.888845,2023-03-07,03:20:00,9
15,2023-03-07 03:30:00+01:00,1.9972084,2023-03-07,03:30:00,9
16,2023-03-07 03:40:00+01:00,2.0135884,2023-03-07,03:40:00,9
17,2023-03-07 03:50:00+01:00,1.9866817,2023-03-07,03:50:00,9
18,2023-03-07 04:00:00+01:00,1.9400567,2023-03-07,04:00:00,9
19,2023-03-07 04:10:00+01:00,2.081075,2023-03-07,04:10:00,9
20,2023-03-07 04:20:00+01:00,2.1616616,2023-03-07,04:20:00,9
21,2023-03-07 04:30:00+01:00,2.218185,2023-03-07,04:30:00,9
22,2023-03-07 04:40:00+01:00,2.203755,2023-03-07,04:40:00,9
23,2023-03-07 04:50:00+01:00,2.1172132,2023-03-07,04:50:00,9
24,2023-03-07 05:00:00+01:00,2.12786,2023-03-07,05:00:00,9
25,2023-03-07 05:10:00+01:00,0.648125,2023-03-07,05:10:00,9
26,2023-03-07 05:20:00+01:00,-5.6666668e-05,2023-03-07,05:20:00,9
27,2023-03-07 05:30:00+01:00,0.00039,2023-03-07,05:30:00,9
28,2023-03-07 05:40:00+01:00,-0.00073333335,2023-03-07,05:40:00,9
29,2023-03-07 05:50:00+01:00,-0.002705,2023-03-07,05:50:00,9
30,2023-03-07 06:00:00+01:00,0.0017116667,2023-03-07,06:00:00,9
31,2023-03-07 06:10:00+01:00,0.000375,2023-03-07,06:10:00,9
32,2023-03-07 06:20:00+01:00,-0.0033783333,2023-03-07,06:20:00,9
33,2023-03-07 06:30:00+01:00,-0.0062883333,2023-03-07,06:30:00,9
34,2023-03-07 06:40:00+01:00,0.00078166666,2023-03-07,06:40:00,9
35,2023-03-07 06:50:00+01:00,0.001495,2023-03-07,06:50:00,9
36,2023-03-07 07:00:00+01:00,-0.0015716667,2023-03-07,07:00:00,9
37,2023-03-07 07:10:00+01:00,-0.00022666667,2023-03-07,07:10:00,9
38,2023-03-07 07:20:00+01:00,-0.00037166665,2023-03-07,07:20:00,9
39,2023-03-07 07:30:00+01:00,-0.0024483334,2023-03-07,07:30:00,9
40,2023-03-07 07:40:00+01:00,0.0005983333,2023-03-07,07:40:00,9
41,2023-03-07 07:50:00+01:00,0.0029833333,2023-03-07,07:50:00,9
42,2023-03-07 08:00:00+01:00,0.0017733333,2023-03-07,08:00:00,9
43,2023-03-07 08:10:00+01:00,-0.0028733334,2023-03-07,08:10:00,9
44,2023-03-07 08:20:00+01:00,-0.000435,2023-03-07,08:20:00,9
45,2023-03-07 08:30:00+01:00,0.0011866667,2023-03-07,08:30:00,9
46,2023-03-07 08:40:00+01:00,6.333333e-05,2023-03-07,08:40:00,9
47,2023-03-07 08:50:00+01:00,-0.00163,2023-03-07,08:50:00,9
48,2023-03-07 09:00:00+01:00,0.00179,2023-03-07,09:00:00,9
49,2023-03-07 09:10:00+01:00,-0.004561667,2023-03-07,09:10:00,9
50,2023-03-07 09:20:00+01:00,-0.023851667,2023-03-07,09:20:00,9
51,2023-03-07 09:30:00+01:00,0.00111,2023-03-07,09:30:00,9
52,2023-03-07 09:40:00+01:00,-0.010078333,2023-03-07,09:40:00,9
53,2023-03-07 09:50:00+01:00,0.017705,2023-03-07,09:50:00,9
54,2023-03-07 10:00:00+01:00,-0.022796666,2023-03-07,10:00:00,9
55,2023-03-07 10:10:00+01:00,0.05039333,2023-03-07,10:10:00,9
56,2023-03-07 10:20:00+01:00,-0.044093333,2023-03-07,10:20:00,9
57,2023-03-07 10:30:00+01:00,-0.0042716665,2023-03-07,10:30:00,9
58,2023-03-07 10:40:00+01:00,0.0073483335,2023-03-07,10:40:00,9
59,2023-03-07 10:50:00+01:00,0.018906666,2023-03-07,10:50:00,9
60,2023-03-07 11:00:00+01:00,0.011965,2023-03-07,11:00:00,9
61,2023-03-07 11:10:00+01:00,-0.029953333,2023-03-07,11:10:00,9
62,2023-03-07 11:20:00+01:00,-0.0086716665,2023-03-07,11:20:00,9
63,2023-03-07 11:30:00+01:00,0.016516667,2023-03-07,11:30:00,9
64,2023-03-07 11:40:00+01:00,-0.0041133333,2023-03-07,11:40:00,9
65,2023-03-07 11:50:00+01:00,-0.032086667,2023-03-07,11:50:00,9
66,2023-03-07 12:00:00+01:00,0.04469,2023-03-07,12:00:00,9
67,2023-03-07 12:10:00+01:00,-0.08985833,2023-03-07,12:10:00,9
68,2023-03-07 12:20:00+01:00,0.023846667,2023-03-07,12:20:00,9
69,2023-03-07 12:30:00+01:00,0.047151666,2023-03-07,12:30:00,9
70,2023-03-07 12:40:00+01:00,-0.05372034,2023-03-07,12:40:00,9
71,2023-03-07 12:50:00+01:00,0.12531148,2023-03-07,12:50:00,9
72,2023-03-07 13:00:00+01:00,0.012276666,2023-03-07,13:00:00,9
73,2023-03-07 13:10:00+01:00,-0.004485,2023-03-07,13:10:00,9
74,2023-03-07 13:20:00+01:00,-0.028176667,2023-03-07,13:20:00,9
75,2023-03-07 13:30:00+01:00,0.02062,2023-03-07,13:30:00,9
76,2023-03-07 13:40:00+01:00,-0.014991526,2023-03-07,13:40:00,9
77,2023-03-07 13:50:00+01:00,0.015403279,2023-03-07,13:50:00,9
78,2023-03-07 14:00:00+01:00,0.0006083333,2023-03-07,14:00:00,9
79,2023-03-07 14:10:00+01:00,0.00419,2023-03-07,14:10:00,9
80,2023-03-07 14:20:00+01:00,-0.008125,2023-03-07,14:20:00,9
81,2023-03-07 14:30:00+01:00,-0.0037183333,2023-03-07,14:30:00,9
82,2023-03-07 14:40:00+01:00,-0.0016516667,2023-03-07,14:40:00,9
83,2023-03-07 14:50:00+01:00,-0.004195,2023-03-07,14:50:00,9
84,2023-03-07 15:00:00+01:00,0.000595,2023-03-07,15:00:00,9
85,2023-03-07 15:10:00+01:00,0.0037016666,2023-03-07,15:10:00,9
86,2023-03-07 15:20:00+01:00,-0.00087,2023-03-07,15:20:00,9
87,2023-03-07 15:30:00+01:00,-0.000365,2023-03-07,15:30:00,9
88,2023-03-07 15:40:00+01:00,0.010423333,2023-03-07,15:40:00,9
89,2023-03-07 15:50:00+01:00,-0.003115,2023-03-07,15:50:00,9
90,2023-03-07 16:00:00+01:00,0.003383051,2023-03-07,16:00:00,9
91,2023-03-07 16:10:00+01:00,-0.0063770493,2023-03-07,16:10:00,9
92,2023-03-07 16:20:00+01:00,0.003965,2023-03-07,16:20:00,9
93,2023-03-07 16:30:00+01:00,0.000225,2023-03-07,16:30:00,9
94,2023-03-07 16:40:00+01:00,0.0034333332,2023-03-07,16:40:00,9
95,2023-03-07 16:50:00+01:00,-0.010006667,2023-03-07,16:50:00,9
96,2023-03-07 17:00:00+01:00,0.0026933334,2023-03-07,17:00:00,9
97,2023-03-07 17:10:00+01:00,0.0020516666,2023-03-07,17:10:00,9
98,2023-03-07 17:20:00+01:00,0.004975,2023-03-07,17:20:00,9
99,2023-03-07 17:30:00+01:00,0.015188334,2023-03-07,17:30:00,9
100,2023-03-07 17:40:00+01:00,-0.01351,2023-03-07,17:40:00,9
101,2023-03-07 17:50:00+01:00,-0.00823,2023-03-07,17:50:00,9
102,2023-03-07 18:00:00+01:00,0.07259333,2023-03-07,18:00:00,9
103,2023-03-07 18:10:00+01:00,0.19958334,2023-03-07,18:10:00,9
104,2023-03-07 18:20:00+01:00,0.045551665,2023-03-07,18:20:00,9
105,2023-03-07 18:30:00+01:00,-0.00118,2023-03-07,18:30:00,9
106,2023-03-07 18:40:00+01:00,-0.054998334,2023-03-07,18:40:00,9
107,2023-03-07 18:50:00+01:00,-0.000175,2023-03-07,18:50:00,9
108,2023-03-07 19:00:00+01:00,0.0011433334,2023-03-07,19:00:00,9
109,2023-03-07 19:10:00+01:00,-0.0027516666,2023-03-07,19:10:00,9
110,2023-03-07 19:20:00+01:00,0.004103333,2023-03-07,19:20:00,9
111,2023-03-07 19:30:00+01:00,-0.0009983333,2023-03-07,19:30:00,9
112,2023-03-07 19:40:00+01:00,0.003535,2023-03-07,19:40:00,9
113,2023-03-07 19:50:00+01:00,-0.0063416664,2023-03-07,19:50:00,9
114,2023-03-07 20:00:00+01:00,0.00075666665,2023-03-07,20:00:00,9
115,2023-03-07 20:10:00+01:00,0.0023766668,2023-03-07,20:10:00,9
116,2023-03-07 20:20:00+01:00,0.0010566667,2023-03-07,20:20:00,9
117,2023-03-07 20:30:00+01:00,0.10826102,2023-03-07,20:30:00,9
118,2023-03-07 20:40:00+01:00,0.00644918,2023-03-07,20:40:00,9
119,2023-03-07 20:50:00+01:00,-0.0051266667,2023-03-07,20:50:00,9
120,2023-03-07 21:00:00+01:00,0.0058016665,2023-03-07,21:00:00,9
121,2023-03-07 21:10:00+01:00,-0.00061,2023-03-07,21:10:00,9
122,2023-03-07 21:20:00+01:00,-0.00123,2023-03-07,21:20:00,9
123,2023-03-07 21:30:00+01:00,-0.000335,2023-03-07,21:30:00,9
124,2023-03-07 21:40:00+01:00,0.0069433334,2023-03-07,21:40:00,9
125,2023-03-07 21:50:00+01:00,-0.00085333333,2023-03-07,21:50:00,9
126,2023-03-07 22:00:00+01:00,-0.007903334,2023-03-07,22:00:00,9
127,2023-03-07 22:10:00+01:00,0.00020666666,2023-03-07,22:10:00,9
128,2023-03-07 22:20:00+01:00,-0.000815,2023-03-07,22:20:00,9
129,2023-03-07 22:30:00+01:00,-0.0019,2023-03-07,22:30:00,9
130,2023-03-07 22:40:00+01:00,-0.000121666664,2023-03-07,22:40:00,9
131,2023-03-07 22:50:00+01:00,0.00014166666,2023-03-07,22:50:00,9
132,2023-03-07 23:00:00+01:00,0.0008366667,2023-03-07,23:00:00,9
133,2023-03-07 23:10:00+01:00,-0.0017983334,2023-03-07,23:10:00,9
134,2023-03-07 23:20:00+01:00,0.0011,2023-03-07,23:20:00,9
135,2023-03-07 23:30:00+01:00,0.0029733332,2023-03-07,23:30:00,9
136,2023-03-07 23:40:00+01:00,0.00043,2023-03-07,23:40:00,9
137,2023-03-07 23:50:00+01:00,-0.00032333334,2023-03-07,23:50:00,9
138,2023-03-08 00:00:00+01:00,0.00159,2023-03-08,00:00:00,8
139,2023-03-08 00:10:00+01:00,-0.002295,2023-03-08,00:10:00,8
140,2023-03-08 00:20:00+01:00,-0.00226,2023-03-08,00:20:00,8
141,2023-03-08 00:30:00+01:00,-0.00045166665,2023-03-08,00:30:00,8
142,2023-03-08 00:40:00+01:00,0.13713667,2023-03-08,00:40:00,8
143,2023-03-08 00:50:00+01:00,0.149405,2023-03-08,00:50:00,8
144,2023-03-08 01:00:00+01:00,0.19830666,2023-03-08,01:00:00,8
145,2023-03-08 01:10:00+01:00,0.22961167,2023-03-08,01:10:00,8
146,2023-03-08 01:20:00+01:00,0.21376833,2023-03-08,01:20:00,8
147,2023-03-08 01:30:00+01:00,0.201885,2023-03-08,01:30:00,8
148,2023-03-08 01:40:00+01:00,0.17692833,2023-03-08,01:40:00,8
149,2023-03-08 01:50:00+01:00,0.23417,2023-03-08,01:50:00,8
150,2023-03-08 02:00:00+01:00,0.29905334,2023-03-08,02:00:00,8
151,2023-03-08 02:10:00+01:00,0.27613333,2023-03-08,02:10:00,8
152,2023-03-08 02:20:00+01:00,0.27940667,2023-03-08,02:20:00,8
153,2023-03-08 02:30:00+01:00,0.279515,2023-03-08,02:30:00,8
154,2023-03-08 02:40:00+01:00,0.23703833,2023-03-08,02:40:00,8
155,2023-03-08 02:50:00+01:00,0.22743833,2023-03-08,02:50:00,8
156,2023-03-08 03:00:00+01:00,0.27475333,2023-03-08,03:00:00,8
157,2023-03-08 03:10:00+01:00,0.30195,2023-03-08,03:10:00,8
158,2023-03-08 03:20:00+01:00,0.30414668,2023-03-08,03:20:00,8
159,2023-03-08 03:30:00+01:00,0.29716668,2023-03-08,03:30:00,8
160,2023-03-08 03:40:00+01:00,0.27489167,2023-03-08,03:40:00,8
161,2023-03-08 03:50:00+01:00,0.22490667,2023-03-08,03:50:00,8
162,2023-03-08 04:00:00+01:00,0.23617667,2023-03-08,04:00:00,8
163,2023-03-08 04:10:00+01:00,0.30380332,2023-03-08,04:10:00,8
164,2023-03-08 04:20:00+01:00,0.30467665,2023-03-08,04:20:00,8
165,2023-03-08 04:30:00+01:00,0.29453668,2023-03-08,04:30:00,8
166,2023-03-08 04:40:00+01:00,0.30129832,2023-03-08,04:40:00,8
167,2023-03-08 04:50:00+01:00,0.24150167,2023-03-08,04:50:00,8
168,2023-03-08 05:00:00+01:00,0.22918333,2023-03-08,05:00:00,8
169,2023-03-08 05:10:00+01:00,0.30372,2023-03-08,05:10:00,8
170,2023-03-08 05:20:00+01:00,0.31085834,2023-03-08,05:20:00,8
171,2023-03-08 05:30:00+01:00,0.30354667,2023-03-08,05:30:00,8
172,2023-03-08 05:40:00+01:00,0.30230665,2023-03-08,05:40:00,8
173,2023-03-08 05:50:00+01:00,0.26543167,2023-03-08,05:50:00,8
174,2023-03-08 06:00:00+01:00,0.22448666,2023-03-08,06:00:00,8
175,2023-03-08 06:10:00+01:00,0.2772339,2023-03-08,06:10:00,8
176,2023-03-08 06:20:00+01:00,0.31575572,2023-03-08,06:20:00,8
177,2023-03-08 06:30:00+01:00,0.30988,2023-03-08,06:30:00,8
178,2023-03-08 06:40:00+01:00,0.30727834,2023-03-08,06:40:00,8
179,2023-03-08 06:50:00+01:00,0.25981,2023-03-08,06:50:00,8
180,2023-03-08 07:00:00+01:00,0.23521167,2023-03-08,07:00:00,8
181,2023-03-08 07:10:00+01:00,0.27906,2023-03-08,07:10:00,8
182,2023-03-08 07:20:00+01:00,0.9886467,2023-03-08,07:20:00,8
183,2023-03-08 07:30:00+01:00,0.400165,2023-03-08,07:30:00,8
184,2023-03-08 07:40:00+01:00,0.41181332,2023-03-08,07:40:00,8
185,2023-03-08 07:50:00+01:00,0.38237166,2023-03-08,07:50:00,8
186,2023-03-08 08:00:00+01:00,0.34325168,2023-03-08,08:00:00,8
187,2023-03-08 08:10:00+01:00,0.38345167,2023-03-08,08:10:00,8
188,2023-03-08 08:20:00+01:00,0.40891168,2023-03-08,08:20:00,8
189,2023-03-08 08:30:00+01:00,0.40154666,2023-03-08,08:30:00,8
190,2023-03-08 08:40:00+01:00,0.39802667,2023-03-08,08:40:00,8
191,2023-03-08 08:50:00+01:00,0.329745,2023-03-08,08:50:00,8
192,2023-03-08 09:00:00+01:00,0.25803334,2023-03-08,09:00:00,8
193,2023-03-08 09:10:00+01:00,0.47573835,2023-03-08,09:10:00,8
194,2023-03-08 09:20:00+01:00,0.46354666,2023-03-08,09:20:00,8
195,2023-03-08 09:30:00+01:00,0.43597665,2023-03-08,09:30:00,8
196,2023-03-08 09:40:00+01:00,0.42222166,2023-03-08,09:40:00,8
197,2023-03-08 09:50:00+01:00,1.262475,2023-03-08,09:50:00,8
198,2023-03-08 10:00:00+01:00,0.5611067,2023-03-08,10:00:00,8
199,2023-03-08 10:10:00+01:00,0.66158,2023-03-08,10:10:00,8
200,2023-03-08 10:20:00+01:00,0.344025,2023-03-08,10:20:00,8
201,2023-03-08 10:30:00+01:00,0.344545,2023-03-08,10:30:00,8
202,2023-03-08 10:40:00+01:00,0.34657666,2023-03-08,10:40:00,8
203,2023-03-08 10:50:00+01:00,0.24698667,2023-03-08,10:50:00,8
204,2023-03-08 11:00:00+01:00,0.449545,2023-03-08,11:00:00,8
205,2023-03-08 11:10:00+01:00,0.21673,2023-03-08,11:10:00,8
206,2023-03-08 11:20:00+01:00,0.23836167,2023-03-08,11:20:00,8
207,2023-03-08 11:30:00+01:00,0.2555,2023-03-08,11:30:00,8
208,2023-03-08 11:40:00+01:00,0.13836834,2023-03-08,11:40:00,8
209,2023-03-08 11:50:00+01:00,0.12943834,2023-03-08,11:50:00,8
210,2023-03-08 12:00:00+01:00,-0.013498333,2023-03-08,12:00:00,8
211,2023-03-08 12:10:00+01:00,0.016616667,2023-03-08,12:10:00,8
212,2023-03-08 12:20:00+01:00,-0.020945,2023-03-08,12:20:00,8
213,2023-03-08 12:30:00+01:00,0.037848335,2023-03-08,12:30:00,8
214,2023-03-08 12:40:00+01:00,-0.032335,2023-03-08,12:40:00,8
215,2023-03-08 12:50:00+01:00,-0.0051216665,2023-03-08,12:50:00,8
216,2023-03-08 13:00:00+01:00,-0.001785,2023-03-08,13:00:00,8
217,2023-03-08 13:10:00+01:00,-0.007948333,2023-03-08,13:10:00,8
218,2023-03-08 13:20:00+01:00,-0.004393333,2023-03-08,13:20:00,8
219,2023-03-08 13:30:00+01:00,-0.007825,2023-03-08,13:30:00,8
220,2023-03-08 13:40:00+01:00,-0.0046266667,2023-03-08,13:40:00,8
221,2023-03-08 13:50:00+01:00,4.1666666e-05,2023-03-08,13:50:00,8
222,2023-03-08 14:00:00+01:00,-0.002445,2023-03-08,14:00:00,8
223,2023-03-08 14:10:00+01:00,0.0010533333,2023-03-08,14:10:00,8
224,2023-03-08 14:20:00+01:00,-0.00446,2023-03-08,14:20:00,8
225,2023-03-08 14:30:00+01:00,-0.00063,2023-03-08,14:30:00,8
226,2023-03-08 14:40:00+01:00,-0.00113,2023-03-08,14:40:00,8
227,2023-03-08 14:50:00+01:00,-0.002505,2023-03-08,14:50:00,8
228,2023-03-08 15:00:00+01:00,0.00217,2023-03-08,15:00:00,8
229,2023-03-08 15:10:00+01:00,0.00083,2023-03-08,15:10:00,8
230,2023-03-08 15:20:00+01:00,0.001275,2023-03-08,15:20:00,8
231,2023-03-08 15:30:00+01:00,0.007026667,2023-03-08,15:30:00,8
232,2023-03-08 15:40:00+01:00,-0.00056333333,2023-03-08,15:40:00,8
233,2023-03-08 15:50:00+01:00,0.000575,2023-03-08,15:50:00,8
234,2023-03-08 16:00:00+01:00,0.00319,2023-03-08,16:00:00,8
235,2023-03-08 16:10:00+01:00,0.00038333333,2023-03-08,16:10:00,8
236,2023-03-08 16:20:00+01:00,0.00236,2023-03-08,16:20:00,8
237,2023-03-08 16:30:00+01:00,0.0031,2023-03-08,16:30:00,8
238,2023-03-08 16:40:00+01:00,0.004465,2023-03-08,16:40:00,8
239,2023-03-08 16:50:00+01:00,0.006366667,2023-03-08,16:50:00,8
240,2023-03-08 17:00:00+01:00,0.0030933334,2023-03-08,17:00:00,8
241,2023-03-08 17:10:00+01:00,0.00092333334,2023-03-08,17:10:00,8
242,2023-03-08 17:20:00+01:00,0.028875,2023-03-08,17:20:00,8
243,2023-03-08 17:30:00+01:00,0.017911667,2023-03-08,17:30:00,8
244,2023-03-08 17:40:00+01:00,0.02344151,2023-03-08,17:40:00,8
245,2023-03-08 17:50:00+01:00,0.01619,2023-03-08,17:50:00,8
246,2023-03-08 18:00:00+01:00,-3.833333e-05,2023-03-08,18:00:00,8
247,2023-03-08 18:10:00+01:00,0.00047,2023-03-08,18:10:00,8
248,2023-03-08 18:20:00+01:00,-0.012683333,2023-03-08,18:20:00,8
249,2023-03-08 18:30:00+01:00,0.008585,2023-03-08,18:30:00,8
250,2023-03-08 18:40:00+01:00,0.013803333,2023-03-08,18:40:00,8
251,2023-03-08 18:50:00+01:00,-0.00036833333,2023-03-08,18:50:00,8
252,2023-03-08 19:00:00+01:00,0.0010066667,2023-03-08,19:00:00,8
253,2023-03-08 19:10:00+01:00,-0.00266,2023-03-08,19:10:00,8
254,2023-03-08 19:20:00+01:00,-0.01154,2023-03-08,19:20:00,8
255,2023-03-08 19:30:00+01:00,-8.333333e-06,2023-03-08,19:30:00,8
256,2023-03-08 19:40:00+01:00,0.0012033334,2023-03-08,19:40:00,8
257,2023-03-08 19:50:00+01:00,0.002155,2023-03-08,19:50:00,8
258,2023-03-08 20:00:00+01:00,-0.00050333334,2023-03-08,20:00:00,8
259,2023-03-08 20:10:00+01:00,-0.002035,2023-03-08,20:10:00,8
260,2023-03-08 20:20:00+01:00,0.00022833333,2023-03-08,20:20:00,8
261,2023-03-08 20:30:00+01:00,0.0012933334,2023-03-08,20:30:00,8
262,2023-03-08 20:40:00+01:00,-0.000615,2023-03-08,20:40:00,8
263,2023-03-08 20:50:00+01:00,-0.0012233333,2023-03-08,20:50:00,8
264,2023-03-08 21:00:00+01:00,0.002195,2023-03-08,21:00:00,8
265,2023-03-08 21:10:00+01:00,-0.001505,2023-03-08,21:10:00,8
266,2023-03-08 21:20:00+01:00,-0.00047666667,2023-03-08,21:20:00,8
267,2023-03-08 21:30:00+01:00,0.0029816667,2023-03-08,21:30:00,8
268,2023-03-08 21:40:00+01:00,0.00023833333,2023-03-08,21:40:00,8
269,2023-03-08 21:50:00+01:00,0.0023533334,2023-03-08,21:50:00,8
270,2023-03-08 22:00:00+01:00,0.000775,2023-03-08,22:00:00,8
271,2023-03-08 22:10:00+01:00,-0.001085,2023-03-08,22:10:00,8
272,2023-03-08 22:20:00+01:00,-0.00015333333,2023-03-08,22:20:00,8
273,2023-03-08 22:30:00+01:00,-0.0011433334,2023-03-08,22:30:00,8
274,2023-03-08 22:40:00+01:00,-0.002095,2023-03-08,22:40:00,8
275,2023-03-08 22:50:00+01:00,-0.00102,2023-03-08,22:50:00,8
276,2023-03-08 23:00:00+01:00,0.00070833333,2023-03-08,23:00:00,8
277,2023-03-08 23:10:00+01:00,-0.000735,2023-03-08,23:10:00,8
278,2023-03-08 23:20:00+01:00,0.0013516666,2023-03-08,23:20:00,8
279,2023-03-08 23:30:00+01:00,0.00066333334,2023-03-08,23:30:00,8
280,2023-03-08 23:40:00+01:00,0.00079,2023-03-08,23:40:00,8
281,2023-03-08 23:50:00+01:00,0.00031666667,2023-03-08,23:50:00,8
282,2023-03-09 00:00:00+01:00,0.0001,2023-03-09,00:00:00,7
283,2023-03-09 00:10:00+01:00,-0.00381,2023-03-09,00:10:00,7
284,2023-03-09 00:20:00+01:00,-0.002115,2023-03-09,00:20:00,7
285,2023-03-09 00:30:00+01:00,0.0014283333,2023-03-09,00:30:00,7
286,2023-03-09 00:40:00+01:00,-0.00013666667,2023-03-09,00:40:00,7
287,2023-03-09 00:50:00+01:00,-1.6666667e-06,2023-03-09,00:50:00,7
288,2023-03-09 01:00:00+01:00,-0.0010583333,2023-03-09,01:00:00,7
289,2023-03-09 01:10:00+01:00,0.30785334,2023-03-09,01:10:00,7
290,2023-03-09 01:20:00+01:00,0.413555,2023-03-09,01:20:00,7
291,2023-03-09 01:30:00+01:00,0.47448668,2023-03-09,01:30:00,7
292,2023-03-09 01:40:00+01:00,0.46403,2023-03-09,01:40:00,7
293,2023-03-09 01:50:00+01:00,0.46342167,2023-03-09,01:50:00,7
294,2023-03-09 02:00:00+01:00,0.30452168,2023-03-09,02:00:00,7
295,2023-03-09 02:10:00+01:00,0.80033165,2023-03-09,02:10:00,7
296,2023-03-09 02:20:00+01:00,1.097725,2023-03-09,02:20:00,7
297,2023-03-09 02:30:00+01:00,1.0953771,2023-03-09,02:30:00,7
298,2023-03-09 02:40:00+01:00,1.08554,2023-03-09,02:40:00,7
299,2023-03-09 02:50:00+01:00,1.0275533,2023-03-09,02:50:00,7
300,2023-03-09 03:00:00+01:00,1.0157067,2023-03-09,03:00:00,7
301,2023-03-09 03:10:00+01:00,1.5703683,2023-03-09,03:10:00,7
302,2023-03-09 03:20:00+01:00,1.6330633,2023-03-09,03:20:00,7
303,2023-03-09 03:30:00+01:00,1.6051934,2023-03-09,03:30:00,7
304,2023-03-09 03:40:00+01:00,1.5584633,2023-03-09,03:40:00,7
305,2023-03-09 03:50:00+01:00,1.5341183,2023-03-09,03:50:00,7
306,2023-03-09 04:00:00+01:00,1.578355,2023-03-09,04:00:00,7
307,2023-03-09 04:10:00+01:00,1.142045,2023-03-09,04:10:00,7
308,2023-03-09 04:20:00+01:00,1.0503317,2023-03-09,04:20:00,7
309,2023-03-09 04:30:00+01:00,1.0178916,2023-03-09,04:30:00,7
310,2023-03-09 04:40:00+01:00,0.9852167,2023-03-09,04:40:00,7
311,2023-03-09 04:50:00+01:00,1.0262483,2023-03-09,04:50:00,7
312,2023-03-09 05:00:00+01:00,1.05897,2023-03-09,05:00:00,7
313,2023-03-09 05:10:00+01:00,0.18323667,2023-03-09,05:10:00,7
314,2023-03-09 05:20:00+01:00,-0.001165,2023-03-09,05:20:00,7
315,2023-03-09 05:30:00+01:00,0.00038833334,2023-03-09,05:30:00,7
316,2023-03-09 05:40:00+01:00,0.0015716667,2023-03-09,05:40:00,7
317,2023-03-09 05:50:00+01:00,-0.00044666667,2023-03-09,05:50:00,7
318,2023-03-09 06:00:00+01:00,0.00012,2023-03-09,06:00:00,7
319,2023-03-09 06:10:00+01:00,-0.00157,2023-03-09,06:10:00,7
320,2023-03-09 06:20:00+01:00,0.00033166667,2023-03-09,06:20:00,7
321,2023-03-09 06:30:00+01:00,0.0021816667,2023-03-09,06:30:00,7
322,2023-03-09 06:40:00+01:00,0.0005,2023-03-09,06:40:00,7
323,2023-03-09 06:50:00+01:00,-0.0012433333,2023-03-09,06:50:00,7
324,2023-03-09 07:00:00+01:00,-0.0012916666,2023-03-09,07:00:00,7
325,2023-03-09 07:10:00+01:00,-3e-05,2023-03-09,07:10:00,7
326,2023-03-09 07:20:00+01:00,0.0012616666,2023-03-09,07:20:00,7
327,2023-03-09 07:30:00+01:00,-0.00087833335,2023-03-09,07:30:00,7
328,2023-03-09 07:40:00+01:00,-0.0038716667,2023-03-09,07:40:00,7
329,2023-03-09 07:50:00+01:00,0.008478333,2023-03-09,07:50:00,7
330,2023-03-09 08:00:00+01:00,0.010776667,2023-03-09,08:00:00,7
331,2023-03-09 08:10:00+01:00,-0.009686667,2023-03-09,08:10:00,7
332,2023-03-09 08:20:00+01:00,0.0031016667,2023-03-09,08:20:00,7
333,2023-03-09 08:30:00+01:00,-0.002035,2023-03-09,08:30:00,7
334,2023-03-09 08:40:00+01:00,0.040996667,2023-03-09,08:40:00,7
335,2023-03-09 08:50:00+01:00,-0.011405,2023-03-09,08:50:00,7
336,2023-03-09 09:00:00+01:00,0.009016667,2023-03-09,09:00:00,7
337,2023-03-09 09:10:00+01:00,0.0006737705,2023-03-09,09:10:00,7
338,2023-03-09 09:20:00+01:00,0.002595,2023-03-09,09:20:00,7
339,2023-03-09 09:30:00+01:00,-0.0033383332,2023-03-09,09:30:00,7
340,2023-03-09 09:40:00+01:00,-0.0010066667,2023-03-09,09:40:00,7
341,2023-03-09 09:50:00+01:00,7e-05,2023-03-09,09:50:00,7
342,2023-03-09 10:00:00+01:00,0.008858333,2023-03-09,10:00:00,7
343,2023-03-09 10:10:00+01:00,-0.003975,2023-03-09,10:10:00,7
344,2023-03-09 10:20:00+01:00,-0.00594,2023-03-09,10:20:00,7
345,2023-03-09 10:30:00+01:00,-0.016476667,2023-03-09,10:30:00,7
346,2023-03-09 10:40:00+01:00,0.01777,2023-03-09,10:40:00,7
347,2023-03-09 10:50:00+01:00,0.0089,2023-03-09,10:50:00,7
348,2023-03-09 11:00:00+01:00,-0.0037366666,2023-03-09,11:00:00,7
349,2023-03-09 11:10:00+01:00,0.022651667,2023-03-09,11:10:00,7
350,2023-03-09 11:20:00+01:00,-0.0070883334,2023-03-09,11:20:00,7
351,2023-03-09 11:30:00+01:00,-0.021538334,2023-03-09,11:30:00,7
352,2023-03-09 11:40:00+01:00,-0.003575,2023-03-09,11:40:00,7
353,2023-03-09 11:50:00+01:00,-0.0031683333,2023-03-09,11:50:00,7
354,2023-03-09 12:00:00+01:00,0.024006667,2023-03-09,12:00:00,7
355,2023-03-09 12:10:00+01:00,-0.016623333,2023-03-09,12:10:00,7
356,2023-03-09 12:20:00+01:00,0.017248333,2023-03-09,12:20:00,7
357,2023-03-09 12:30:00+01:00,-0.0017916666,2023-03-09,12:30:00,7
358,2023-03-09 12:40:00+01:00,-0.025085,2023-03-09,12:40:00,7
359,2023-03-09 12:50:00+01:00,-0.00667,2023-03-09,12:50:00,7
360,2023-03-09 13:00:00+01:00,0.04282,2023-03-09,13:00:00,7
361,2023-03-09 13:10:00+01:00,0.009436667,2023-03-09,13:10:00,7
362,2023-03-09 13:20:00+01:00,0.019936666,2023-03-09,13:20:00,7
363,2023-03-09 13:30:00+01:00,-0.14126167,2023-03-09,13:30:00,7
364,2023-03-09 13:40:00+01:00,-0.034926668,2023-03-09,13:40:00,7
365,2023-03-09 13:50:00+01:00,-3.6666668e-05,2023-03-09,13:50:00,7
366,2023-03-09 14:00:00+01:00,-0.020738333,2023-03-09,14:00:00,7
367,2023-03-09 14:10:00+01:00,0.010896667,2023-03-09,14:10:00,7
368,2023-03-09 14:20:00+01:00,0.007216667,2023-03-09,14:20:00,7
369,2023-03-09 14:30:00+01:00,-0.44569,2023-03-09,14:30:00,7
370,2023-03-09 14:40:00+01:00,-0.49274,2023-03-09,14:40:00,7
371,2023-03-09 14:50:00+01:00,-0.32349,2023-03-09,14:50:00,7
372,2023-03-09 15:00:00+01:00,-0.6574067,2023-03-09,15:00:00,7
373,2023-03-09 15:10:00+01:00,0.025976667,2023-03-09,15:10:00,7
374,2023-03-09 15:20:00+01:00,0.0057516666,2023-03-09,15:20:00,7
375,2023-03-09 15:30:00+01:00,0.01309,2023-03-09,15:30:00,7
376,2023-03-09 15:40:00+01:00,-0.012933333,2023-03-09,15:40:00,7
377,2023-03-09 15:50:00+01:00,-0.024511667,2023-03-09,15:50:00,7
378,2023-03-09 16:00:00+01:00,0.02868,2023-03-09,16:00:00,7
379,2023-03-09 16:10:00+01:00,0.016356668,2023-03-09,16:10:00,7
380,2023-03-09 16:20:00+01:00,0.004868333,2023-03-09,16:20:00,7
381,2023-03-09 16:30:00+01:00,0.00058833335,2023-03-09,16:30:00,7
382,2023-03-09 16:40:00+01:00,0.003285,2023-03-09,16:40:00,7
383,2023-03-09 16:50:00+01:00,0.0010683333,2023-03-09,16:50:00,7
384,2023-03-09 17:00:00+01:00,0.0028483334,2023-03-09,17:00:00,7
385,2023-03-09 17:10:00+01:00,0.00316,2023-03-09,17:10:00,7
386,2023-03-09 17:20:00+01:00,0.0025583333,2023-03-09,17:20:00,7
387,2023-03-09 17:30:00+01:00,-0.0070866668,2023-03-09,17:30:00,7
388,2023-03-09 17:40:00+01:00,-0.0014283333,2023-03-09,17:40:00,7
389,2023-03-09 17:50:00+01:00,0.0041868854,2023-03-09,17:50:00,7
390,2023-03-09 18:00:00+01:00,0.001575,2023-03-09,18:00:00,7
391,2023-03-09 18:10:00+01:00,0.008438333,2023-03-09,18:10:00,7
392,2023-03-09 18:20:00+01:00,-0.00078166666,2023-03-09,18:20:00,7
393,2023-03-09 18:30:00+01:00,-3.833333e-05,2023-03-09,18:30:00,7
394,2023-03-09 18:40:00+01:00,0.0046016667,2023-03-09,18:40:00,7
395,2023-03-09 18:50:00+01:00,-0.0008583333,2023-03-09,18:50:00,7
396,2023-03-09 19:00:00+01:00,0.000855,2023-03-09,19:00:00,7
397,2023-03-09 19:10:00+01:00,-0.0030816668,2023-03-09,19:10:00,7
398,2023-03-09 19:20:00+01:00,-0.002515,2023-03-09,19:20:00,7
399,2023-03-09 19:30:00+01:00,-0.0026983332,2023-03-09,19:30:00,7
400,2023-03-09 19:40:00+01:00,-0.000415,2023-03-09,19:40:00,7
401,2023-03-09 19:50:00+01:00,0.022326667,2023-03-09,19:50:00,7
402,2023-03-09 20:00:00+01:00,-0.00445,2023-03-09,20:00:00,7
403,2023-03-09 20:10:00+01:00,0.0033066666,2023-03-09,20:10:00,7
404,2023-03-09 20:20:00+01:00,-0.00039833333,2023-03-09,20:20:00,7
405,2023-03-09 20:30:00+01:00,-0.0014,2023-03-09,20:30:00,7
406,2023-03-09 20:40:00+01:00,-0.0017033333,2023-03-09,20:40:00,7
407,2023-03-09 20:50:00+01:00,-0.00012833334,2023-03-09,20:50:00,7
408,2023-03-09 21:00:00+01:00,0.000585,2023-03-09,21:00:00,7
409,2023-03-09 21:10:00+01:00,-0.002835,2023-03-09,21:10:00,7
410,2023-03-09 21:20:00+01:00,-0.0025416666,2023-03-09,21:20:00,7
411,2023-03-09 21:30:00+01:00,-0.000695,2023-03-09,21:30:00,7
412,2023-03-09 21:40:00+01:00,0.0023033333,2023-03-09,21:40:00,7
413,2023-03-09 21:50:00+01:00,-0.0067066667,2023-03-09,21:50:00,7
414,2023-03-09 22:00:00+01:00,-0.00089666666,2023-03-09,22:00:00,7
415,2023-03-09 22:10:00+01:00,-0.00011,2023-03-09,22:10:00,7
416,2023-03-09 22:20:00+01:00,0.00045333334,2023-03-09,22:20:00,7
417,2023-03-09 22:30:00+01:00,0.0011516666,2023-03-09,22:30:00,7
418,2023-03-09 22:40:00+01:00,-0.0015083334,2023-03-09,22:40:00,7
419,2023-03-09 22:50:00+01:00,-0.0029166667,2023-03-09,22:50:00,7
420,2023-03-09 23:00:00+01:00,0.003485,2023-03-09,23:00:00,7
421,2023-03-09 23:10:00+01:00,0.00129,2023-03-09,23:10:00,7
422,2023-03-09 23:20:00+01:00,-1.3333333e-05,2023-03-09,23:20:00,7
423,2023-03-09 23:30:00+01:00,0.00054333336,2023-03-09,23:30:00,7
424,2023-03-09 23:40:00+01:00,0.0027688525,2023-03-09,23:40:00,7
425,2023-03-09 23:50:00+01:00,0.0022616666,2023-03-09,23:50:00,7
426,2023-03-10 00:00:00+01:00,0.03133,2023-03-10,00:00:00,6
427,2023-03-10 00:10:00+01:00,0.0025,2023-03-10,00:10:00,6
428,2023-03-10 00:20:00+01:00,0.00715,2023-03-10,00:20:00,6
429,2023-03-10 00:30:00+01:00,-0.05417333,2023-03-10,00:30:00,6
430,2023-03-10 00:40:00+01:00,0.0052866666,2023-03-10,00:40:00,6
431,2023-03-10 00:50:00+01:00,0.0136,2023-03-10,00:50:00,6
432,2023-03-10 01:00:00+01:00,-0.016796667,2023-03-10,01:00:00,6
433,2023-03-10 01:10:00+01:00,-0.004128333,2023-03-10,01:10:00,6
434,2023-03-10 01:20:00+01:00,0.0025316668,2023-03-10,01:20:00,6
435,2023-03-10 01:30:00+01:00,-0.001735,2023-03-10,01:30:00,6
436,2023-03-10 01:40:00+01:00,0.00027,2023-03-10,01:40:00,6
437,2023-03-10 01:50:00+01:00,-0.0010633334,2023-03-10,01:50:00,6
438,2023-03-10 02:00:00+01:00,-0.0020233332,2023-03-10,02:00:00,6
439,2023-03-10 02:10:00+01:00,-0.000315,2023-03-10,02:10:00,6
440,2023-03-10 02:20:00+01:00,0.000865,2023-03-10,02:20:00,6
441,2023-03-10 02:30:00+01:00,0.08217666,2023-03-10,02:30:00,6
442,2023-03-10 02:40:00+01:00,0.16479833,2023-03-10,02:40:00,6
443,2023-03-10 02:50:00+01:00,-0.055843335,2023-03-10,02:50:00,6
444,2023-03-10 03:00:00+01:00,0.00047666667,2023-03-10,03:00:00,6
445,2023-03-10 03:10:00+01:00,-0.00017333333,2023-03-10,03:10:00,6
446,2023-03-10 03:20:00+01:00,0.00039333332,2023-03-10,03:20:00,6
447,2023-03-10 03:30:00+01:00,0.0012483334,2023-03-10,03:30:00,6
448,2023-03-10 03:40:00+01:00,-0.00062,2023-03-10,03:40:00,6
449,2023-03-10 03:50:00+01:00,0.00020833334,2023-03-10,03:50:00,6
450,2023-03-10 04:00:00+01:00,-0.000975,2023-03-10,04:00:00,6
451,2023-03-10 04:10:00+01:00,-0.002195,2023-03-10,04:10:00,6
452,2023-03-10 04:20:00+01:00,0.00121,2023-03-10,04:20:00,6
453,2023-03-10 04:30:00+01:00,0.00205,2023-03-10,04:30:00,6
454,2023-03-10 04:40:00+01:00,0.00065666664,2023-03-10,04:40:00,6
455,2023-03-10 04:50:00+01:00,-0.00010833333,2023-03-10,04:50:00,6
456,2023-03-10 05:00:00+01:00,-0.002245,2023-03-10,05:00:00,6
457,2023-03-10 05:10:00+01:00,-0.00040666666,2023-03-10,05:10:00,6
458,2023-03-10 05:20:00+01:00,0.0014033334,2023-03-10,05:20:00,6
459,2023-03-10 05:30:00+01:00,-0.00034666667,2023-03-10,05:30:00,6
460,2023-03-10 05:40:00+01:00,5.1666666e-05,2023-03-10,05:40:00,6
461,2023-03-10 05:50:00+01:00,-0.00013833333,2023-03-10,05:50:00,6
462,2023-03-10 06:00:00+01:00,-0.00135,2023-03-10,06:00:00,6
463,2023-03-10 06:10:00+01:00,-0.00093333336,2023-03-10,06:10:00,6
464,2023-03-10 06:20:00+01:00,0.002645,2023-03-10,06:20:00,6
465,2023-03-10 06:30:00+01:00,9.3333336e-05,2023-03-10,06:30:00,6
466,2023-03-10 06:40:00+01:00,0.00042666667,2023-03-10,06:40:00,6
467,2023-03-10 06:50:00+01:00,-0.00024,2023-03-10,06:50:00,6
468,2023-03-10 07:00:00+01:00,-0.00090833334,2023-03-10,07:00:00,6
469,2023-03-10 07:10:00+01:00,-0.0011283334,2023-03-10,07:10:00,6
470,2023-03-10 07:20:00+01:00,0.00101,2023-03-10,07:20:00,6
471,2023-03-10 07:30:00+01:00,-0.0012366667,2023-03-10,07:30:00,6
472,2023-03-10 07:40:00+01:00,-0.000185,2023-03-10,07:40:00,6
473,2023-03-10 07:50:00+01:00,-0.0032966668,2023-03-10,07:50:00,6
474,2023-03-10 08:00:00+01:00,0.0054,2023-03-10,08:00:00,6
475,2023-03-10 08:10:00+01:00,0.003938333,2023-03-10,08:10:00,6
476,2023-03-10 08:20:00+01:00,-0.015631147,2023-03-10,08:20:00,6
477,2023-03-10 08:30:00+01:00,0.00038166667,2023-03-10,08:30:00,6
478,2023-03-10 08:40:00+01:00,0.062333334,2023-03-10,08:40:00,6
479,2023-03-10 08:50:00+01:00,-0.037595,2023-03-10,08:50:00,6
480,2023-03-10 09:00:00+01:00,-0.0009516667,2023-03-10,09:00:00,6
481,2023-03-10 09:10:00+01:00,0.0025766667,2023-03-10,09:10:00,6
482,2023-03-10 09:20:00+01:00,0.00030666665,2023-03-10,09:20:00,6
483,2023-03-10 09:30:00+01:00,0.05256,2023-03-10,09:30:00,6
484,2023-03-10 09:40:00+01:00,-0.044963334,2023-03-10,09:40:00,6
485,2023-03-10 09:50:00+01:00,-0.002325,2023-03-10,09:50:00,6
486,2023-03-10 10:00:00+01:00,0.023618333,2023-03-10,10:00:00,6
487,2023-03-10 10:10:00+01:00,0.0024083334,2023-03-10,10:10:00,6
488,2023-03-10 10:20:00+01:00,-0.0010966667,2023-03-10,10:20:00,6
489,2023-03-10 10:30:00+01:00,-0.00181,2023-03-10,10:30:00,6
490,2023-03-10 10:40:00+01:00,-0.001445,2023-03-10,10:40:00,6
491,2023-03-10 10:50:00+01:00,-0.0037816667,2023-03-10,10:50:00,6
492,2023-03-10 11:00:00+01:00,-0.00377,2023-03-10,11:00:00,6
493,2023-03-10 11:10:00+01:00,-0.0023383333,2023-03-10,11:10:00,6
494,2023-03-10 11:20:00+01:00,0.010235,2023-03-10,11:20:00,6
495,2023-03-10 11:30:00+01:00,0.000145,2023-03-10,11:30:00,6
496,2023-03-10 11:40:00+01:00,0.006148333,2023-03-10,11:40:00,6
497,2023-03-10 11:50:00+01:00,-0.018481666,2023-03-10,11:50:00,6
498,2023-03-10 12:00:00+01:00,-0.0146883335,2023-03-10,12:00:00,6
499,2023-03-10 12:10:00+01:00,-0.0030783333,2023-03-10,12:10:00,6
500,2023-03-10 12:20:00+01:00,-0.004852459,2023-03-10,12:20:00,6
501,2023-03-10 12:30:00+01:00,-0.0067283334,2023-03-10,12:30:00,6
502,2023-03-10 12:40:00+01:00,0.026546666,2023-03-10,12:40:00,6
503,2023-03-10 12:50:00+01:00,0.0022133333,2023-03-10,12:50:00,6
504,2023-03-10 13:00:00+01:00,0.006303333,2023-03-10,13:00:00,6
505,2023-03-10 13:10:00+01:00,0.00435,2023-03-10,13:10:00,6
506,2023-03-10 13:20:00+01:00,-0.00491,2023-03-10,13:20:00,6
507,2023-03-10 13:30:00+01:00,-0.0027083333,2023-03-10,13:30:00,6
508,2023-03-10 13:40:00+01:00,-0.0060333335,2023-03-10,13:40:00,6
509,2023-03-10 13:50:00+01:00,0.0010533333,2023-03-10,13:50:00,6
510,2023-03-10 14:00:00+01:00,-0.0070433333,2023-03-10,14:00:00,6
511,2023-03-10 14:10:00+01:00,0.017829508,2023-03-10,14:10:00,6
512,2023-03-10 14:20:00+01:00,0.006515,2023-03-10,14:20:00,6
513,2023-03-10 14:30:00+01:00,0.0011033333,2023-03-10,14:30:00,6
514,2023-03-10 14:40:00+01:00,0.004655,2023-03-10,14:40:00,6
515,2023-03-10 14:50:00+01:00,-0.0045633335,2023-03-10,14:50:00,6
516,2023-03-10 15:00:00+01:00,-0.000275,2023-03-10,15:00:00,6
517,2023-03-10 15:10:00+01:00,0.007891667,2023-03-10,15:10:00,6
518,2023-03-10 15:20:00+01:00,-0.0006533333,2023-03-10,15:20:00,6
519,2023-03-10 15:30:00+01:00,-0.0029966666,2023-03-10,15:30:00,6
520,2023-03-10 15:40:00+01:00,-0.0076766666,2023-03-10,15:40:00,6
521,2023-03-10 15:50:00+01:00,0.010481667,2023-03-10,15:50:00,6
522,2023-03-10 16:00:00+01:00,-0.00058166665,2023-03-10,16:00:00,6
523,2023-03-10 16:10:00+01:00,0.0051133335,2023-03-10,16:10:00,6
524,2023-03-10 16:20:00+01:00,-0.003045,2023-03-10,16:20:00,6
525,2023-03-10 16:30:00+01:00,0.047233332,2023-03-10,16:30:00,6
526,2023-03-10 16:40:00+01:00,-0.024033334,2023-03-10,16:40:00,6
527,2023-03-10 16:50:00+01:00,0.0055816667,2023-03-10,16:50:00,6
528,2023-03-10 17:00:00+01:00,-0.010406666,2023-03-10,17:00:00,6
529,2023-03-10 17:10:00+01:00,0.018893333,2023-03-10,17:10:00,6
530,2023-03-10 17:20:00+01:00,-0.0006616667,2023-03-10,17:20:00,6
531,2023-03-10 17:30:00+01:00,0.00047333332,2023-03-10,17:30:00,6
532,2023-03-10 17:40:00+01:00,-0.00269,2023-03-10,17:40:00,6
533,2023-03-10 17:50:00+01:00,0.0048566666,2023-03-10,17:50:00,6
534,2023-03-10 18:00:00+01:00,2e-05,2023-03-10,18:00:00,6
535,2023-03-10 18:10:00+01:00,-0.0024016667,2023-03-10,18:10:00,6
536,2023-03-10 18:20:00+01:00,-0.00014833333,2023-03-10,18:20:00,6
537,2023-03-10 18:30:00+01:00,-0.00061,2023-03-10,18:30:00,6
538,2023-03-10 18:40:00+01:00,-0.001235,2023-03-10,18:40:00,6
539,2023-03-10 18:50:00+01:00,-0.00024166667,2023-03-10,18:50:00,6
540,2023-03-10 19:00:00+01:00,0.005228333,2023-03-10,19:00:00,6
541,2023-03-10 19:10:00+01:00,0.00014166666,2023-03-10,19:10:00,6
542,2023-03-10 19:20:00+01:00,0.025245,2023-03-10,19:20:00,6
543,2023-03-10 19:30:00+01:00,-0.0037083332,2023-03-10,19:30:00,6
544,2023-03-10 19:40:00+01:00,0.0033283334,2023-03-10,19:40:00,6
545,2023-03-10 19:50:00+01:00,0.027748333,2023-03-10,19:50:00,6
546,2023-03-10 20:00:00+01:00,0.171205,2023-03-10,20:00:00,6
547,2023-03-10 20:10:00+01:00,0.0010083333,2023-03-10,20:10:00,6
548,2023-03-10 20:20:00+01:00,0.142675,2023-03-10,20:20:00,6
549,2023-03-10 20:30:00+01:00,0.06682833,2023-03-10,20:30:00,6
550,2023-03-10 20:40:00+01:00,-0.010626666,2023-03-10,20:40:00,6
551,2023-03-10 20:50:00+01:00,0.002525,2023-03-10,20:50:00,6
552,2023-03-10 21:00:00+01:00,-0.00038333333,2023-03-10,21:00:00,6
553,2023-03-10 21:10:00+01:00,0.005231667,2023-03-10,21:10:00,6
554,2023-03-10 21:20:00+01:00,0.0010233333,2023-03-10,21:20:00,6
555,2023-03-10 21:30:00+01:00,-0.00111,2023-03-10,21:30:00,6
556,2023-03-10 21:40:00+01:00,0.0056033335,2023-03-10,21:40:00,6
557,2023-03-10 21:50:00+01:00,-0.00249,2023-03-10,21:50:00,6
558,2023-03-10 22:00:00+01:00,0.16189334,2023-03-10,22:00:00,6
559,2023-03-10 22:10:00+01:00,0.50357336,2023-03-10,22:10:00,6
560,2023-03-10 22:20:00+01:00,0.7817183,2023-03-10,22:20:00,6
561,2023-03-10 22:30:00+01:00,0.782455,2023-03-10,22:30:00,6
562,2023-03-10 22:40:00+01:00,0.77180165,2023-03-10,22:40:00,6
563,2023-03-10 22:50:00+01:00,0.84914,2023-03-10,22:50:00,6
564,2023-03-10 23:00:00+01:00,0.865105,2023-03-10,23:00:00,6
565,2023-03-10 23:10:00+01:00,0.8582017,2023-03-10,23:10:00,6
566,2023-03-10 23:20:00+01:00,0.80106,2023-03-10,23:20:00,6
567,2023-03-10 23:30:00+01:00,0.75167334,2023-03-10,23:30:00,6
568,2023-03-10 23:40:00+01:00,0.74187833,2023-03-10,23:40:00,6
569,2023-03-10 23:50:00+01:00,0.74732834,2023-03-10,23:50:00,6
570,2023-03-11 00:00:00+01:00,0.76215166,2023-03-11,00:00:00,5
571,2023-03-11 00:10:00+01:00,0.686565,2023-03-11,00:10:00,5
572,2023-03-11 00:20:00+01:00,0.65839165,2023-03-11,00:20:00,5
573,2023-03-11 00:30:00+01:00,0.563225,2023-03-11,00:30:00,5
574,2023-03-11 00:40:00+01:00,0.76811165,2023-03-11,00:40:00,5
575,2023-03-11 00:50:00+01:00,0.93942,2023-03-11,00:50:00,5
576,2023-03-11 01:00:00+01:00,0.924625,2023-03-11,01:00:00,5
577,2023-03-11 01:10:00+01:00,0.8607733,2023-03-11,01:10:00,5
578,2023-03-11 01:20:00+01:00,0.73967,2023-03-11,01:20:00,5
579,2023-03-11 01:30:00+01:00,1.804345,2023-03-11,01:30:00,5
580,2023-03-11 01:40:00+01:00,1.5085783,2023-03-11,01:40:00,5
581,2023-03-11 01:50:00+01:00,1.8444983,2023-03-11,01:50:00,5
582,2023-03-11 02:00:00+01:00,0.578375,2023-03-11,02:00:00,5
583,2023-03-11 02:10:00+01:00,0.42496333,2023-03-11,02:10:00,5
584,2023-03-11 02:20:00+01:00,0.38498333,2023-03-11,02:20:00,5
585,2023-03-11 02:30:00+01:00,0.32564333,2023-03-11,02:30:00,5
586,2023-03-11 02:40:00+01:00,0.287235,2023-03-11,02:40:00,5
587,2023-03-11 02:50:00+01:00,2.2100966,2023-03-11,02:50:00,5
588,2023-03-11 03:00:00+01:00,1.70109,2023-03-11,03:00:00,5
589,2023-03-11 03:10:00+01:00,0.35933334,2023-03-11,03:10:00,5
590,2023-03-11 03:20:00+01:00,0.28932,2023-03-11,03:20:00,5
591,2023-03-11 03:30:00+01:00,0.25427833,2023-03-11,03:30:00,5
592,2023-03-11 03:40:00+01:00,0.332295,2023-03-11,03:40:00,5
593,2023-03-11 03:50:00+01:00,0.36842334,2023-03-11,03:50:00,5
594,2023-03-11 04:00:00+01:00,0.35752666,2023-03-11,04:00:00,5
595,2023-03-11 04:10:00+01:00,0.35521,2023-03-11,04:10:00,5
596,2023-03-11 04:20:00+01:00,0.351175,2023-03-11,04:20:00,5
597,2023-03-11 04:30:00+01:00,0.26154667,2023-03-11,04:30:00,5
598,2023-03-11 04:40:00+01:00,0.25481167,2023-03-11,04:40:00,5
599,2023-03-11 04:50:00+01:00,0.339685,2023-03-11,04:50:00,5
600,2023-03-11 05:00:00+01:00,0.34856832,2023-03-11,05:00:00,5
601,2023-03-11 05:10:00+01:00,0.34714,2023-03-11,05:10:00,5
602,2023-03-11 05:20:00+01:00,0.24526334,2023-03-11,05:20:00,5
603,2023-03-11 05:30:00+01:00,0.24779834,2023-03-11,05:30:00,5
604,2023-03-11 05:40:00+01:00,0.35668832,2023-03-11,05:40:00,5
605,2023-03-11 05:50:00+01:00,0.36573833,2023-03-11,05:50:00,5
606,2023-03-11 06:00:00+01:00,0.35898,2023-03-11,06:00:00,5
607,2023-03-11 06:10:00+01:00,0.35251,2023-03-11,06:10:00,5
608,2023-03-11 06:20:00+01:00,0.33304334,2023-03-11,06:20:00,5
609,2023-03-11 06:30:00+01:00,0.29831168,2023-03-11,06:30:00,5
610,2023-03-11 06:40:00+01:00,0.351705,2023-03-11,06:40:00,5
611,2023-03-11 06:50:00+01:00,0.348625,2023-03-11,06:50:00,5
612,2023-03-11 07:00:00+01:00,0.34659332,2023-03-11,07:00:00,5
613,2023-03-11 07:10:00+01:00,0.27931,2023-03-11,07:10:00,5
614,2023-03-11 07:20:00+01:00,0.405985,2023-03-11,07:20:00,5
615,2023-03-11 07:30:00+01:00,0.28439167,2023-03-11,07:30:00,5
616,2023-03-11 07:40:00+01:00,0.17891,2023-03-11,07:40:00,5
617,2023-03-11 07:50:00+01:00,0.17956667,2023-03-11,07:50:00,5
618,2023-03-11 08:00:00+01:00,0.28286833,2023-03-11,08:00:00,5
619,2023-03-11 08:10:00+01:00,0.24977666,2023-03-11,08:10:00,5
620,2023-03-11 08:20:00+01:00,0.28169668,2023-03-11,08:20:00,5
621,2023-03-11 08:30:00+01:00,0.37051168,2023-03-11,08:30:00,5
622,2023-03-11 08:40:00+01:00,0.36762834,2023-03-11,08:40:00,5
623,2023-03-11 08:50:00+01:00,0.35631,2023-03-11,08:50:00,5
624,2023-03-11 09:00:00+01:00,0.33925334,2023-03-11,09:00:00,5
625,2023-03-11 09:10:00+01:00,0.26046,2023-03-11,09:10:00,5
626,2023-03-11 09:20:00+01:00,0.22033833,2023-03-11,09:20:00,5
627,2023-03-11 09:30:00+01:00,0.25420833,2023-03-11,09:30:00,5
628,2023-03-11 09:40:00+01:00,0.355305,2023-03-11,09:40:00,5
629,2023-03-11 09:50:00+01:00,0.65245,2023-03-11,09:50:00,5
630,2023-03-11 10:00:00+01:00,1.6869017,2023-03-11,10:00:00,5
631,2023-03-11 10:10:00+01:00,0.30902332,2023-03-11,10:10:00,5
632,2023-03-11 10:20:00+01:00,0.31849334,2023-03-11,10:20:00,5
633,2023-03-11 10:30:00+01:00,0.65422666,2023-03-11,10:30:00,5
634,2023-03-11 10:40:00+01:00,0.847405,2023-03-11,10:40:00,5
635,2023-03-11 10:50:00+01:00,0.79812336,2023-03-11,10:50:00,5
636,2023-03-11 11:00:00+01:00,1.5422167,2023-03-11,11:00:00,5
637,2023-03-11 11:10:00+01:00,1.12038,2023-03-11,11:10:00,5
638,2023-03-11 11:20:00+01:00,0.84615165,2023-03-11,11:20:00,5
639,2023-03-11 11:30:00+01:00,0.801025,2023-03-11,11:30:00,5
640,2023-03-11 11:40:00+01:00,0.64120334,2023-03-11,11:40:00,5
641,2023-03-11 11:50:00+01:00,0.43636668,2023-03-11,11:50:00,5
642,2023-03-11 12:00:00+01:00,0.14323834,2023-03-11,12:00:00,5
643,2023-03-11 12:10:00+01:00,-0.0053583332,2023-03-11,12:10:00,5
644,2023-03-11 12:20:00+01:00,-0.0035783334,2023-03-11,12:20:00,5
645,2023-03-11 12:30:00+01:00,-0.0079666665,2023-03-11,12:30:00,5
646,2023-03-11 12:40:00+01:00,0.0014566666,2023-03-11,12:40:00,5
647,2023-03-11 12:50:00+01:00,-0.00017833333,2023-03-11,12:50:00,5
648,2023-03-11 13:00:00+01:00,-0.0025883333,2023-03-11,13:00:00,5
649,2023-03-11 13:10:00+01:00,-0.00457,2023-03-11,13:10:00,5
650,2023-03-11 13:20:00+01:00,-0.025351666,2023-03-11,13:20:00,5
651,2023-03-11 13:30:00+01:00,-0.0032966668,2023-03-11,13:30:00,5
652,2023-03-11 13:40:00+01:00,-0.010106667,2023-03-11,13:40:00,5
653,2023-03-11 13:50:00+01:00,-0.0028233333,2023-03-11,13:50:00,5
654,2023-03-11 14:00:00+01:00,0.0012416666,2023-03-11,14:00:00,5
655,2023-03-11 14:10:00+01:00,0.004058333,2023-03-11,14:10:00,5
656,2023-03-11 14:20:00+01:00,0.044835,2023-03-11,14:20:00,5
657,2023-03-11 14:30:00+01:00,0.06079,2023-03-11,14:30:00,5
658,2023-03-11 14:40:00+01:00,-0.0096,2023-03-11,14:40:00,5
659,2023-03-11 14:50:00+01:00,0.0015233334,2023-03-11,14:50:00,5
660,2023-03-11 15:00:00+01:00,-0.028698333,2023-03-11,15:00:00,5
661,2023-03-11 15:10:00+01:00,0.017255,2023-03-11,15:10:00,5
662,2023-03-11 15:20:00+01:00,-0.017685,2023-03-11,15:20:00,5
663,2023-03-11 15:30:00+01:00,-0.0034,2023-03-11,15:30:00,5
664,2023-03-11 15:40:00+01:00,-0.031383332,2023-03-11,15:40:00,5
665,2023-03-11 15:50:00+01:00,0.037506666,2023-03-11,15:50:00,5
666,2023-03-11 16:00:00+01:00,0.0012266666,2023-03-11,16:00:00,5
667,2023-03-11 16:10:00+01:00,0.00027,2023-03-11,16:10:00,5
668,2023-03-11 16:20:00+01:00,0.013233333,2023-03-11,16:20:00,5
669,2023-03-11 16:30:00+01:00,-0.0011766667,2023-03-11,16:30:00,5
670,2023-03-11 16:40:00+01:00,0.0023633332,2023-03-11,16:40:00,5
671,2023-03-11 16:50:00+01:00,-0.00075166667,2023-03-11,16:50:00,5
672,2023-03-11 17:00:00+01:00,-0.0023,2023-03-11,17:00:00,5
673,2023-03-11 17:10:00+01:00,0.0014983333,2023-03-11,17:10:00,5
674,2023-03-11 17:20:00+01:00,0.015516667,2023-03-11,17:20:00,5
675,2023-03-11 17:30:00+01:00,0.0047966666,2023-03-11,17:30:00,5
676,2023-03-11 17:40:00+01:00,-0.0028833332,2023-03-11,17:40:00,5
677,2023-03-11 17:50:00+01:00,0.0038883334,2023-03-11,17:50:00,5
678,2023-03-11 18:00:00+01:00,0.0041766665,2023-03-11,18:00:00,5
679,2023-03-11 18:10:00+01:00,-0.002532787,2023-03-11,18:10:00,5
680,2023-03-11 18:20:00+01:00,0.0018233333,2023-03-11,18:20:00,5
681,2023-03-11 18:30:00+01:00,-0.015113333,2023-03-11,18:30:00,5
682,2023-03-11 18:40:00+01:00,-0.002575,2023-03-11,18:40:00,5
683,2023-03-11 18:50:00+01:00,-0.000685,2023-03-11,18:50:00,5
684,2023-03-11 19:00:00+01:00,0.0011433334,2023-03-11,19:00:00,5
685,2023-03-11 19:10:00+01:00,0.001905,2023-03-11,19:10:00,5
686,2023-03-11 19:20:00+01:00,0.00391,2023-03-11,19:20:00,5
687,2023-03-11 19:30:00+01:00,-0.0045533334,2023-03-11,19:30:00,5
688,2023-03-11 19:40:00+01:00,0.0013416667,2023-03-11,19:40:00,5
689,2023-03-11 19:50:00+01:00,-0.00061833335,2023-03-11,19:50:00,5
690,2023-03-11 20:00:00+01:00,0.0023,2023-03-11,20:00:00,5
691,2023-03-11 20:10:00+01:00,-0.001075,2023-03-11,20:10:00,5
692,2023-03-11 20:20:00+01:00,0.039555,2023-03-11,20:20:00,5
693,2023-03-11 20:30:00+01:00,-0.036678333,2023-03-11,20:30:00,5
694,2023-03-11 20:40:00+01:00,0.0021266667,2023-03-11,20:40:00,5
695,2023-03-11 20:50:00+01:00,-0.005465,2023-03-11,20:50:00,5
696,2023-03-11 21:00:00+01:00,-0.0010516667,2023-03-11,21:00:00,5
697,2023-03-11 21:10:00+01:00,-2.5e-05,2023-03-11,21:10:00,5
698,2023-03-11 21:20:00+01:00,-0.0037716667,2023-03-11,21:20:00,5
699,2023-03-11 21:30:00+01:00,0.004093333,2023-03-11,21:30:00,5
700,2023-03-11 21:40:00+01:00,-0.00035,2023-03-11,21:40:00,5
701,2023-03-11 21:50:00+01:00,0.0031433334,2023-03-11,21:50:00,5
702,2023-03-11 22:00:00+01:00,-0.0016533333,2023-03-11,22:00:00,5
703,2023-03-11 22:10:00+01:00,0.004643333,2023-03-11,22:10:00,5
704,2023-03-11 22:20:00+01:00,0.004741667,2023-03-11,22:20:00,5
705,2023-03-11 22:30:00+01:00,0.147745,2023-03-11,22:30:00,5
706,2023-03-11 22:40:00+01:00,0.64948165,2023-03-11,22:40:00,5
707,2023-03-11 22:50:00+01:00,0.72389334,2023-03-11,22:50:00,5
708,2023-03-11 23:00:00+01:00,0.66972834,2023-03-11,23:00:00,5
709,2023-03-11 23:10:00+01:00,0.640165,2023-03-11,23:10:00,5
710,2023-03-11 23:20:00+01:00,0.6285433,2023-03-11,23:20:00,5
711,2023-03-11 23:30:00+01:00,0.75702834,2023-03-11,23:30:00,5
712,2023-03-11 23:40:00+01:00,0.70569664,2023-03-11,23:40:00,5
713,2023-03-11 23:50:00+01:00,0.868065,2023-03-11,23:50:00,5
714,2023-03-12 00:00:00+01:00,0.55771834,2023-03-12,00:00:00,4
715,2023-03-12 00:10:00+01:00,0.59160835,2023-03-12,00:10:00,4
716,2023-03-12 00:20:00+01:00,0.61658335,2023-03-12,00:20:00,4
717,2023-03-12 00:30:00+01:00,0.60950834,2023-03-12,00:30:00,4
718,2023-03-12 00:40:00+01:00,0.5096433,2023-03-12,00:40:00,4
719,2023-03-12 00:50:00+01:00,0.86491,2023-03-12,00:50:00,4
720,2023-03-12 01:00:00+01:00,1.0455817,2023-03-12,01:00:00,4
721,2023-03-12 01:10:00+01:00,1.007995,2023-03-12,01:10:00,4
722,2023-03-12 01:20:00+01:00,1.0483117,2023-03-12,01:20:00,4
723,2023-03-12 01:30:00+01:00,1.0852933,2023-03-12,01:30:00,4
724,2023-03-12 01:40:00+01:00,1.0791117,2023-03-12,01:40:00,4
725,2023-03-12 01:50:00+01:00,1.0236167,2023-03-12,01:50:00,4
726,2023-03-12 02:00:00+01:00,0.84896165,2023-03-12,02:00:00,4
727,2023-03-12 02:10:00+01:00,0.82795,2023-03-12,02:10:00,4
728,2023-03-12 02:20:00+01:00,0.87474334,2023-03-12,02:20:00,4
729,2023-03-12 02:30:00+01:00,0.90112,2023-03-12,02:30:00,4
730,2023-03-12 02:40:00+01:00,0.8937233,2023-03-12,02:40:00,4
731,2023-03-12 02:50:00+01:00,0.88267833,2023-03-12,02:50:00,4
732,2023-03-12 03:00:00+01:00,0.818165,2023-03-12,03:00:00,4
733,2023-03-12 03:10:00+01:00,0.82210165,2023-03-12,03:10:00,4
734,2023-03-12 03:20:00+01:00,0.8985133,2023-03-12,03:20:00,4
735,2023-03-12 03:30:00+01:00,0.89709336,2023-03-12,03:30:00,4
736,2023-03-12 03:40:00+01:00,0.88534665,2023-03-12,03:40:00,4
737,2023-03-12 03:50:00+01:00,0.85587335,2023-03-12,03:50:00,4
738,2023-03-12 04:00:00+01:00,0.82850164,2023-03-12,04:00:00,4
739,2023-03-12 04:10:00+01:00,0.8594483,2023-03-12,04:10:00,4
740,2023-03-12 04:20:00+01:00,0.894035,2023-03-12,04:20:00,4
741,2023-03-12 04:30:00+01:00,0.8937517,2023-03-12,04:30:00,4
742,2023-03-12 04:40:00+01:00,0.8838483,2023-03-12,04:40:00,4
743,2023-03-12 04:50:00+01:00,0.81912,2023-03-12,04:50:00,4
744,2023-03-12 05:00:00+01:00,0.8243383,2023-03-12,05:00:00,4
745,2023-03-12 05:10:00+01:00,0.89177835,2023-03-12,05:10:00,4
746,2023-03-12 05:20:00+01:00,0.894895,2023-03-12,05:20:00,4
747,2023-03-12 05:30:00+01:00,0.8945683,2023-03-12,05:30:00,4
748,2023-03-12 05:40:00+01:00,0.8452167,2023-03-12,05:40:00,4
749,2023-03-12 05:50:00+01:00,0.8230367,2023-03-12,05:50:00,4
750,2023-03-12 06:00:00+01:00,0.87065,2023-03-12,06:00:00,4
751,2023-03-12 06:10:00+01:00,0.050761666,2023-03-12,06:10:00,4
752,2023-03-12 06:20:00+01:00,-0.00026833333,2023-03-12,06:20:00,4
753,2023-03-12 06:30:00+01:00,-0.001195,2023-03-12,06:30:00,4
754,2023-03-12 06:40:00+01:00,0.000505,2023-03-12,06:40:00,4
755,2023-03-12 06:50:00+01:00,-3.1666666e-05,2023-03-12,06:50:00,4
756,2023-03-12 07:00:00+01:00,-0.00083833333,2023-03-12,07:00:00,4
757,2023-03-12 07:10:00+01:00,-0.001,2023-03-12,07:10:00,4
758,2023-03-12 07:20:00+01:00,-0.0017716667,2023-03-12,07:20:00,4
759,2023-03-12 07:30:00+01:00,-0.0028766666,2023-03-12,07:30:00,4
760,2023-03-12 07:40:00+01:00,-0.00038,2023-03-12,07:40:00,4
761,2023-03-12 07:50:00+01:00,1.8333334e-05,2023-03-12,07:50:00,4
762,2023-03-12 08:00:00+01:00,-0.0021833333,2023-03-12,08:00:00,4
763,2023-03-12 08:10:00+01:00,-0.0009366667,2023-03-12,08:10:00,4
764,2023-03-12 08:20:00+01:00,-0.0024983333,2023-03-12,08:20:00,4
765,2023-03-12 08:30:00+01:00,0.0055233333,2023-03-12,08:30:00,4
766,2023-03-12 08:40:00+01:00,0.009851667,2023-03-12,08:40:00,4
767,2023-03-12 08:50:00+01:00,-0.00096,2023-03-12,08:50:00,4
768,2023-03-12 09:00:00+01:00,0.0009216667,2023-03-12,09:00:00,4
769,2023-03-12 09:10:00+01:00,-0.009203333,2023-03-12,09:10:00,4
770,2023-03-12 09:20:00+01:00,0.0011666666,2023-03-12,09:20:00,4
771,2023-03-12 09:30:00+01:00,-0.002955,2023-03-12,09:30:00,4
772,2023-03-12 09:40:00+01:00,0.0072116666,2023-03-12,09:40:00,4
773,2023-03-12 09:50:00+01:00,0.000405,2023-03-12,09:50:00,4
774,2023-03-12 10:00:00+01:00,-0.0029066666,2023-03-12,10:00:00,4
775,2023-03-12 10:10:00+01:00,-0.00078,2023-03-12,10:10:00,4
776,2023-03-12 10:20:00+01:00,-0.0033116667,2023-03-12,10:20:00,4
777,2023-03-12 10:30:00+01:00,0.02385,2023-03-12,10:30:00,4
778,2023-03-12 10:40:00+01:00,0.058028333,2023-03-12,10:40:00,4
779,2023-03-12 10:50:00+01:00,0.38546833,2023-03-12,10:50:00,4
780,2023-03-12 11:00:00+01:00,1.1533884,2023-03-12,11:00:00,4
781,2023-03-12 11:10:00+01:00,0.07164667,2023-03-12,11:10:00,4
782,2023-03-12 11:20:00+01:00,-0.00359,2023-03-12,11:20:00,4
783,2023-03-12 11:30:00+01:00,-0.008673334,2023-03-12,11:30:00,4
784,2023-03-12 11:40:00+01:00,-0.0058466666,2023-03-12,11:40:00,4
785,2023-03-12 11:50:00+01:00,0.00028333333,2023-03-12,11:50:00,4
786,2023-03-12 12:00:00+01:00,-0.003215,2023-03-12,12:00:00,4
787,2023-03-12 12:10:00+01:00,-0.00223,2023-03-12,12:10:00,4
788,2023-03-12 12:20:00+01:00,-0.0048,2023-03-12,12:20:00,4
789,2023-03-12 12:30:00+01:00,-0.002005,2023-03-12,12:30:00,4
790,2023-03-12 12:40:00+01:00,0.00311,2023-03-12,12:40:00,4
791,2023-03-12 12:50:00+01:00,0.011551667,2023-03-12,12:50:00,4
792,2023-03-12 13:00:00+01:00,0.0010233333,2023-03-12,13:00:00,4
793,2023-03-12 13:10:00+01:00,0.07134333,2023-03-12,13:10:00,4
794,2023-03-12 13:20:00+01:00,-0.0051833335,2023-03-12,13:20:00,4
795,2023-03-12 13:30:00+01:00,-0.033301666,2023-03-12,13:30:00,4
796,2023-03-12 13:40:00+01:00,0.0026333334,2023-03-12,13:40:00,4
797,2023-03-12 13:50:00+01:00,0.008873333,2023-03-12,13:50:00,4
798,2023-03-12 14:00:00+01:00,-0.010725,2023-03-12,14:00:00,4
799,2023-03-12 14:10:00+01:00,-0.00316,2023-03-12,14:10:00,4
800,2023-03-12 14:20:00+01:00,0.010315,2023-03-12,14:20:00,4
801,2023-03-12 14:30:00+01:00,-0.011926667,2023-03-12,14:30:00,4
802,2023-03-12 14:40:00+01:00,0.011721667,2023-03-12,14:40:00,4
803,2023-03-12 14:50:00+01:00,0.008563333,2023-03-12,14:50:00,4
804,2023-03-12 15:00:00+01:00,-0.0024783334,2023-03-12,15:00:00,4
805,2023-03-12 15:10:00+01:00,-0.001525,2023-03-12,15:10:00,4
806,2023-03-12 15:20:00+01:00,0.01099,2023-03-12,15:20:00,4
807,2023-03-12 15:30:00+01:00,0.00025,2023-03-12,15:30:00,4
808,2023-03-12 15:40:00+01:00,0.007621667,2023-03-12,15:40:00,4
809,2023-03-12 15:50:00+01:00,-0.004085,2023-03-12,15:50:00,4
810,2023-03-12 16:00:00+01:00,0.0055933334,2023-03-12,16:00:00,4
811,2023-03-12 16:10:00+01:00,0.012808333,2023-03-12,16:10:00,4
812,2023-03-12 16:20:00+01:00,-0.004065,2023-03-12,16:20:00,4
813,2023-03-12 16:30:00+01:00,0.0060583334,2023-03-12,16:30:00,4
814,2023-03-12 16:40:00+01:00,-0.000335,2023-03-12,16:40:00,4
815,2023-03-12 16:50:00+01:00,-0.0006166667,2023-03-12,16:50:00,4
816,2023-03-12 17:00:00+01:00,0.004738333,2023-03-12,17:00:00,4
817,2023-03-12 17:10:00+01:00,0.0027933333,2023-03-12,17:10:00,4
818,2023-03-12 17:20:00+01:00,-0.0024483334,2023-03-12,17:20:00,4
819,2023-03-12 17:30:00+01:00,5.5e-05,2023-03-12,17:30:00,4
820,2023-03-12 17:40:00+01:00,0.003705,2023-03-12,17:40:00,4
821,2023-03-12 17:50:00+01:00,0.00026833333,2023-03-12,17:50:00,4
822,2023-03-12 18:00:00+01:00,-0.00021666667,2023-03-12,18:00:00,4
823,2023-03-12 18:10:00+01:00,0.028118333,2023-03-12,18:10:00,4
824,2023-03-12 18:20:00+01:00,-0.03438667,2023-03-12,18:20:00,4
825,2023-03-12 18:30:00+01:00,0.004385,2023-03-12,18:30:00,4
826,2023-03-12 18:40:00+01:00,-0.00175,2023-03-12,18:40:00,4
827,2023-03-12 18:50:00+01:00,0.0016416666,2023-03-12,18:50:00,4
828,2023-03-12 19:00:00+01:00,0.019765,2023-03-12,19:00:00,4
829,2023-03-12 19:10:00+01:00,-0.0005616667,2023-03-12,19:10:00,4
830,2023-03-12 19:20:00+01:00,-0.001847541,2023-03-12,19:20:00,4
831,2023-03-12 19:30:00+01:00,-0.00089333334,2023-03-12,19:30:00,4
832,2023-03-12 19:40:00+01:00,-0.000345,2023-03-12,19:40:00,4
833,2023-03-12 19:50:00+01:00,0.0013883334,2023-03-12,19:50:00,4
834,2023-03-12 20:00:00+01:00,-0.00015833334,2023-03-12,20:00:00,4
835,2023-03-12 20:10:00+01:00,0.0008733333,2023-03-12,20:10:00,4
836,2023-03-12 20:20:00+01:00,0.0006683333,2023-03-12,20:20:00,4
837,2023-03-12 20:30:00+01:00,-0.001855,2023-03-12,20:30:00,4
838,2023-03-12 20:40:00+01:00,-6e-05,2023-03-12,20:40:00,4
839,2023-03-12 20:50:00+01:00,0.00014833333,2023-03-12,20:50:00,4
840,2023-03-12 21:00:00+01:00,-0.0034066667,2023-03-12,21:00:00,4
841,2023-03-12 21:10:00+01:00,0.0010466666,2023-03-12,21:10:00,4
842,2023-03-12 21:20:00+01:00,-0.00016885246,2023-03-12,21:20:00,4
843,2023-03-12 21:30:00+01:00,-0.0010516667,2023-03-12,21:30:00,4
844,2023-03-12 21:40:00+01:00,-0.0019983333,2023-03-12,21:40:00,4
845,2023-03-12 21:50:00+01:00,-0.0027783334,2023-03-12,21:50:00,4
846,2023-03-12 22:00:00+01:00,0.0007533333,2023-03-12,22:00:00,4
847,2023-03-12 22:10:00+01:00,0.0025216667,2023-03-12,22:10:00,4
848,2023-03-12 22:20:00+01:00,0.00071833335,2023-03-12,22:20:00,4
849,2023-03-12 22:30:00+01:00,0.000285,2023-03-12,22:30:00,4
850,2023-03-12 22:40:00+01:00,0.0022316666,2023-03-12,22:40:00,4
851,2023-03-12 22:50:00+01:00,-0.00022,2023-03-12,22:50:00,4
852,2023-03-12 23:00:00+01:00,-0.0027666667,2023-03-12,23:00:00,4
853,2023-03-12 23:10:00+01:00,-0.0007383333,2023-03-12,23:10:00,4
854,2023-03-12 23:20:00+01:00,-8.8333334e-05,2023-03-12,23:20:00,4
855,2023-03-12 23:30:00+01:00,-6.333333e-05,2023-03-12,23:30:00,4
856,2023-03-12 23:40:00+01:00,0.054453332,2023-03-12,23:40:00,4
857,2023-03-12 23:50:00+01:00,0.41537333,2023-03-12,23:50:00,4
858,2023-03-13 00:00:00+01:00,0.23967,2023-03-13,00:00:00,3
859,2023-03-13 00:10:00+01:00,-0.0007032787,2023-03-13,00:10:00,3
860,2023-03-13 00:20:00+01:00,-0.004931667,2023-03-13,00:20:00,3
861,2023-03-13 00:30:00+01:00,0.30843833,2023-03-13,00:30:00,3
862,2023-03-13 00:40:00+01:00,0.52295,2023-03-13,00:40:00,3
863,2023-03-13 00:50:00+01:00,0.34503335,2023-03-13,00:50:00,3
864,2023-03-13 01:00:00+01:00,0.280365,2023-03-13,01:00:00,3
865,2023-03-13 01:10:00+01:00,0.31838,2023-03-13,01:10:00,3
866,2023-03-13 01:20:00+01:00,0.347375,2023-03-13,01:20:00,3
867,2023-03-13 01:30:00+01:00,0.33731666,2023-03-13,01:30:00,3
868,2023-03-13 01:40:00+01:00,1.3263184,2023-03-13,01:40:00,3
869,2023-03-13 01:50:00+01:00,1.3878267,2023-03-13,01:50:00,3
870,2023-03-13 02:00:00+01:00,1.561635,2023-03-13,02:00:00,3
871,2023-03-13 02:10:00+01:00,0.6661017,2023-03-13,02:10:00,3
872,2023-03-13 02:20:00+01:00,0.56884664,2023-03-13,02:20:00,3
873,2023-03-13 02:30:00+01:00,0.56849164,2023-03-13,02:30:00,3
874,2023-03-13 02:40:00+01:00,0.5397883,2023-03-13,02:40:00,3
875,2023-03-13 02:50:00+01:00,0.55466664,2023-03-13,02:50:00,3
876,2023-03-13 03:00:00+01:00,0.49054667,2023-03-13,03:00:00,3
877,2023-03-13 03:10:00+01:00,5.5933266,2023-03-13,03:10:00,3
878,2023-03-13 03:20:00+01:00,5.829,2023-03-13,03:20:00,3
879,2023-03-13 03:30:00+01:00,4.07941,2023-03-13,03:30:00,3
880,2023-03-13 03:40:00+01:00,4.04898,2023-03-13,03:40:00,3
881,2023-03-13 03:50:00+01:00,3.9974368,2023-03-13,03:50:00,3
882,2023-03-13 04:00:00+01:00,3.9160717,2023-03-13,04:00:00,3
883,2023-03-13 04:10:00+01:00,3.9294267,2023-03-13,04:10:00,3
884,2023-03-13 04:20:00+01:00,3.917935,2023-03-13,04:20:00,3
885,2023-03-13 04:30:00+01:00,3.8409083,2023-03-13,04:30:00,3
886,2023-03-13 04:40:00+01:00,3.7925634,2023-03-13,04:40:00,3
887,2023-03-13 04:50:00+01:00,3.6762333,2023-03-13,04:50:00,3
888,2023-03-13 05:00:00+01:00,3.594325,2023-03-13,05:00:00,3
889,2023-03-13 05:10:00+01:00,1.1765517,2023-03-13,05:10:00,3
890,2023-03-13 05:20:00+01:00,1.00595,2023-03-13,05:20:00,3
891,2023-03-13 05:30:00+01:00,0.9999617,2023-03-13,05:30:00,3
892,2023-03-13 05:40:00+01:00,0.9826033,2023-03-13,05:40:00,3
893,2023-03-13 05:50:00+01:00,0.928435,2023-03-13,05:50:00,3
894,2023-03-13 06:00:00+01:00,0.9433467,2023-03-13,06:00:00,3
895,2023-03-13 06:10:00+01:00,0.49493834,2023-03-13,06:10:00,3
896,2023-03-13 06:20:00+01:00,0.32809168,2023-03-13,06:20:00,3
897,2023-03-13 06:30:00+01:00,0.32177666,2023-03-13,06:30:00,3
898,2023-03-13 06:40:00+01:00,0.553695,2023-03-13,06:40:00,3
899,2023-03-13 06:50:00+01:00,1.7888533,2023-03-13,06:50:00,3
900,2023-03-13 07:00:00+01:00,0.6019,2023-03-13,07:00:00,3
901,2023-03-13 07:10:00+01:00,0.355215,2023-03-13,07:10:00,3
902,2023-03-13 07:20:00+01:00,0.35986,2023-03-13,07:20:00,3
903,2023-03-13 07:30:00+01:00,0.41926,2023-03-13,07:30:00,3
904,2023-03-13 07:40:00+01:00,0.33244,2023-03-13,07:40:00,3
905,2023-03-13 07:50:00+01:00,0.26396334,2023-03-13,07:50:00,3
906,2023-03-13 08:00:00+01:00,0.20570333,2023-03-13,08:00:00,3
907,2023-03-13 08:10:00+01:00,0.24654834,2023-03-13,08:10:00,3
908,2023-03-13 08:20:00+01:00,0.25826833,2023-03-13,08:20:00,3
909,2023-03-13 08:30:00+01:00,0.26259166,2023-03-13,08:30:00,3
910,2023-03-13 08:40:00+01:00,0.29209334,2023-03-13,08:40:00,3
911,2023-03-13 08:50:00+01:00,0.29700667,2023-03-13,08:50:00,3
912,2023-03-13 09:00:00+01:00,0.89981,2023-03-13,09:00:00,3
913,2023-03-13 09:10:00+01:00,0.19118166,2023-03-13,09:10:00,3
914,2023-03-13 09:20:00+01:00,0.12925167,2023-03-13,09:20:00,3
915,2023-03-13 09:30:00+01:00,0.15741667,2023-03-13,09:30:00,3
916,2023-03-13 09:40:00+01:00,0.6089733,2023-03-13,09:40:00,3
917,2023-03-13 09:50:00+01:00,0.19908,2023-03-13,09:50:00,3
918,2023-03-13 10:00:00+01:00,0.26084334,2023-03-13,10:00:00,3
919,2023-03-13 10:10:00+01:00,0.23679833,2023-03-13,10:10:00,3
920,2023-03-13 10:20:00+01:00,0.20348,2023-03-13,10:20:00,3
921,2023-03-13 10:30:00+01:00,0.063998334,2023-03-13,10:30:00,3
922,2023-03-13 10:40:00+01:00,0.26972166,2023-03-13,10:40:00,3
923,2023-03-13 10:50:00+01:00,0.24093333,2023-03-13,10:50:00,3
924,2023-03-13 11:00:00+01:00,0.21528667,2023-03-13,11:00:00,3
925,2023-03-13 11:10:00+01:00,0.65243167,2023-03-13,11:10:00,3
926,2023-03-13 11:20:00+01:00,0.12970833,2023-03-13,11:20:00,3
927,2023-03-13 11:30:00+01:00,0.046906665,2023-03-13,11:30:00,3
928,2023-03-13 11:40:00+01:00,0.13264333,2023-03-13,11:40:00,3
929,2023-03-13 11:50:00+01:00,0.00236,2023-03-13,11:50:00,3
930,2023-03-13 12:00:00+01:00,0.00227,2023-03-13,12:00:00,3
931,2023-03-13 12:10:00+01:00,0.09827,2023-03-13,12:10:00,3
932,2023-03-13 12:20:00+01:00,0.32404667,2023-03-13,12:20:00,3
933,2023-03-13 12:30:00+01:00,-0.0061366665,2023-03-13,12:30:00,3
934,2023-03-13 12:40:00+01:00,0.023193333,2023-03-13,12:40:00,3
935,2023-03-13 12:50:00+01:00,0.011963333,2023-03-13,12:50:00,3
936,2023-03-13 13:00:00+01:00,0.00185,2023-03-13,13:00:00,3
937,2023-03-13 13:10:00+01:00,0.002685,2023-03-13,13:10:00,3
938,2023-03-13 13:20:00+01:00,0.00044333332,2023-03-13,13:20:00,3
939,2023-03-13 13:30:00+01:00,0.002325,2023-03-13,13:30:00,3
940,2023-03-13 13:40:00+01:00,-0.014226667,2023-03-13,13:40:00,3
941,2023-03-13 13:50:00+01:00,0.01245,2023-03-13,13:50:00,3
942,2023-03-13 14:00:00+01:00,-0.0019616666,2023-03-13,14:00:00,3
943,2023-03-13 14:10:00+01:00,0.41337332,2023-03-13,14:10:00,3
944,2023-03-13 14:20:00+01:00,0.015085,2023-03-13,14:20:00,3
945,2023-03-13 14:30:00+01:00,-0.006075,2023-03-13,14:30:00,3
946,2023-03-13 14:40:00+01:00,-0.0011733334,2023-03-13,14:40:00,3
947,2023-03-13 14:50:00+01:00,-0.006173333,2023-03-13,14:50:00,3
948,2023-03-13 15:00:00+01:00,0.008336667,2023-03-13,15:00:00,3
949,2023-03-13 15:10:00+01:00,0.003985,2023-03-13,15:10:00,3
950,2023-03-13 15:20:00+01:00,0.0077133332,2023-03-13,15:20:00,3
951,2023-03-13 15:30:00+01:00,0.004805,2023-03-13,15:30:00,3
952,2023-03-13 15:40:00+01:00,0.73337334,2023-03-13,15:40:00,3
953,2023-03-13 15:50:00+01:00,0.130355,2023-03-13,15:50:00,3
954,2023-03-13 16:00:00+01:00,0.05965667,2023-03-13,16:00:00,3
955,2023-03-13 16:10:00+01:00,0.2082,2023-03-13,16:10:00,3
956,2023-03-13 16:20:00+01:00,0.550965,2023-03-13,16:20:00,3
957,2023-03-13 16:30:00+01:00,0.04774333,2023-03-13,16:30:00,3
958,2023-03-13 16:40:00+01:00,0.15056166,2023-03-13,16:40:00,3
959,2023-03-13 16:50:00+01:00,0.25189668,2023-03-13,16:50:00,3
960,2023-03-13 17:00:00+01:00,0.217815,2023-03-13,17:00:00,3
961,2023-03-13 17:10:00+01:00,0.039911665,2023-03-13,17:10:00,3
962,2023-03-13 17:20:00+01:00,-0.00019666666,2023-03-13,17:20:00,3
963,2023-03-13 17:30:00+01:00,0.0037116667,2023-03-13,17:30:00,3
964,2023-03-13 17:40:00+01:00,0.049188334,2023-03-13,17:40:00,3
965,2023-03-13 17:50:00+01:00,-0.035271667,2023-03-13,17:50:00,3
966,2023-03-13 18:00:00+01:00,-0.0015133333,2023-03-13,18:00:00,3
967,2023-03-13 18:10:00+01:00,0.00272,2023-03-13,18:10:00,3
968,2023-03-13 18:20:00+01:00,0.004653333,2023-03-13,18:20:00,3
969,2023-03-13 18:30:00+01:00,-0.0045766667,2023-03-13,18:30:00,3
970,2023-03-13 18:40:00+01:00,0.40401834,2023-03-13,18:40:00,3
971,2023-03-13 18:50:00+01:00,0.10571333,2023-03-13,18:50:00,3
972,2023-03-13 19:00:00+01:00,-0.045833334,2023-03-13,19:00:00,3
973,2023-03-13 19:10:00+01:00,-0.002985,2023-03-13,19:10:00,3
974,2023-03-13 19:20:00+01:00,0.0042383336,2023-03-13,19:20:00,3
975,2023-03-13 19:30:00+01:00,-0.0048916666,2023-03-13,19:30:00,3
976,2023-03-13 19:40:00+01:00,0.0049733333,2023-03-13,19:40:00,3
977,2023-03-13 19:50:00+01:00,0.0010633334,2023-03-13,19:50:00,3
978,2023-03-13 20:00:00+01:00,7.666666e-05,2023-03-13,20:00:00,3
979,2023-03-13 20:10:00+01:00,-0.0015033333,2023-03-13,20:10:00,3
980,2023-03-13 20:20:00+01:00,5.1666666e-05,2023-03-13,20:20:00,3
981,2023-03-13 20:30:00+01:00,8.8333334e-05,2023-03-13,20:30:00,3
982,2023-03-13 20:40:00+01:00,0.003645,2023-03-13,20:40:00,3
983,2023-03-13 20:50:00+01:00,-0.00047833333,2023-03-13,20:50:00,3
984,2023-03-13 21:00:00+01:00,-0.00031166666,2023-03-13,21:00:00,3
985,2023-03-13 21:10:00+01:00,0.0047216667,2023-03-13,21:10:00,3
986,2023-03-13 21:20:00+01:00,0.0028816666,2023-03-13,21:20:00,3
987,2023-03-13 21:30:00+01:00,0.0024633333,2023-03-13,21:30:00,3
988,2023-03-13 21:40:00+01:00,-0.0018933333,2023-03-13,21:40:00,3
989,2023-03-13 21:50:00+01:00,-0.0045316666,2023-03-13,21:50:00,3
990,2023-03-13 22:00:00+01:00,-0.0055083334,2023-03-13,22:00:00,3
991,2023-03-13 22:10:00+01:00,0.0034483334,2023-03-13,22:10:00,3
992,2023-03-13 22:20:00+01:00,-0.0006383333,2023-03-13,22:20:00,3
993,2023-03-13 22:30:00+01:00,-0.0014716666,2023-03-13,22:30:00,3
994,2023-03-13 22:40:00+01:00,0.0016916667,2023-03-13,22:40:00,3
995,2023-03-13 22:50:00+01:00,-0.00094833336,2023-03-13,22:50:00,3
996,2023-03-13 23:00:00+01:00,-0.00124,2023-03-13,23:00:00,3
997,2023-03-13 23:10:00+01:00,-0.0038566666,2023-03-13,23:10:00,3
998,2023-03-13 23:20:00+01:00,0.0032183332,2023-03-13,23:20:00,3
999,2023-03-13 23:30:00+01:00,-9e-05,2023-03-13,23:30:00,3
1000,2023-03-13 23:40:00+01:00,-0.00042666667,2023-03-13,23:40:00,3
1001,2023-03-13 23:50:00+01:00,-0.0009733333,2023-03-13,23:50:00,3
1002,2023-03-14 00:00:00+01:00,-0.0028983334,2023-03-14,00:00:00,2
1003,2023-03-14 00:10:00+01:00,0.00011166667,2023-03-14,00:10:00,2
1004,2023-03-14 00:20:00+01:00,0.20947333,2023-03-14,00:20:00,2
1005,2023-03-14 00:30:00+01:00,0.47257334,2023-03-14,00:30:00,2
1006,2023-03-14 00:40:00+01:00,0.45767167,2023-03-14,00:40:00,2
1007,2023-03-14 00:50:00+01:00,0.45661,2023-03-14,00:50:00,2
1008,2023-03-14 01:00:00+01:00,0.442595,2023-03-14,01:00:00,2
1009,2023-03-14 01:10:00+01:00,0.263015,2023-03-14,01:10:00,2
1010,2023-03-14 01:20:00+01:00,0.27726334,2023-03-14,01:20:00,2
1011,2023-03-14 01:30:00+01:00,0.34967,2023-03-14,01:30:00,2
1012,2023-03-14 01:40:00+01:00,0.32325333,2023-03-14,01:40:00,2
1013,2023-03-14 01:50:00+01:00,0.31610167,2023-03-14,01:50:00,2
1014,2023-03-14 02:00:00+01:00,0.27382,2023-03-14,02:00:00,2
1015,2023-03-14 02:10:00+01:00,2.6375,2023-03-14,02:10:00,2
1016,2023-03-14 02:20:00+01:00,3.644665,2023-03-14,02:20:00,2
1017,2023-03-14 02:30:00+01:00,3.6845183,2023-03-14,02:30:00,2
1018,2023-03-14 02:40:00+01:00,3.6962066,2023-03-14,02:40:00,2
1019,2023-03-14 02:50:00+01:00,3.6831033,2023-03-14,02:50:00,2
1020,2023-03-14 03:00:00+01:00,3.6336684,2023-03-14,03:00:00,2
1021,2023-03-14 03:10:00+01:00,3.58619,2023-03-14,03:10:00,2
1022,2023-03-14 03:20:00+01:00,3.6320868,2023-03-14,03:20:00,2
1023,2023-03-14 03:30:00+01:00,3.6841633,2023-03-14,03:30:00,2
1024,2023-03-14 03:40:00+01:00,3.6310916,2023-03-14,03:40:00,2
1025,2023-03-14 03:50:00+01:00,3.5417917,2023-03-14,03:50:00,2
1026,2023-03-14 04:00:00+01:00,3.4009466,2023-03-14,04:00:00,2
1027,2023-03-14 04:10:00+01:00,1.4705833,2023-03-14,04:10:00,2
1028,2023-03-14 04:20:00+01:00,0.91858834,2023-03-14,04:20:00,2
1029,2023-03-14 04:30:00+01:00,0.93710834,2023-03-14,04:30:00,2
1030,2023-03-14 04:40:00+01:00,0.9245033,2023-03-14,04:40:00,2
1031,2023-03-14 04:50:00+01:00,0.94321334,2023-03-14,04:50:00,2
1032,2023-03-14 05:00:00+01:00,0.860625,2023-03-14,05:00:00,2
1033,2023-03-14 05:10:00+01:00,0.39137334,2023-03-14,05:10:00,2
1034,2023-03-14 05:20:00+01:00,0.45292833,2023-03-14,05:20:00,2
1035,2023-03-14 05:30:00+01:00,0.45731,2023-03-14,05:30:00,2
1036,2023-03-14 05:40:00+01:00,0.44295,2023-03-14,05:40:00,2
1037,2023-03-14 05:50:00+01:00,0.43191665,2023-03-14,05:50:00,2
1038,2023-03-14 06:00:00+01:00,0.38191667,2023-03-14,06:00:00,2
1039,2023-03-14 06:10:00+01:00,0.025635,2023-03-14,06:10:00,2
1040,2023-03-14 06:20:00+01:00,0.001705,2023-03-14,06:20:00,2
1041,2023-03-14 06:30:00+01:00,0.03264,2023-03-14,06:30:00,2
1042,2023-03-14 06:40:00+01:00,-0.0025383334,2023-03-14,06:40:00,2
1043,2023-03-14 06:50:00+01:00,-0.01468,2023-03-14,06:50:00,2
1044,2023-03-14 07:00:00+01:00,-0.003925,2023-03-14,07:00:00,2
1045,2023-03-14 07:10:00+01:00,-0.0017283333,2023-03-14,07:10:00,2
1046,2023-03-14 07:20:00+01:00,-0.00046166667,2023-03-14,07:20:00,2
1047,2023-03-14 07:30:00+01:00,0.0012766666,2023-03-14,07:30:00,2
1048,2023-03-14 07:40:00+01:00,-0.004551667,2023-03-14,07:40:00,2
1049,2023-03-14 07:50:00+01:00,-0.0065633333,2023-03-14,07:50:00,2
1050,2023-03-14 08:00:00+01:00,-0.0065,2023-03-14,08:00:00,2
1051,2023-03-14 08:10:00+01:00,0.006105,2023-03-14,08:10:00,2
1052,2023-03-14 08:20:00+01:00,0.0008683333,2023-03-14,08:20:00,2
1053,2023-03-14 08:30:00+01:00,0.009331667,2023-03-14,08:30:00,2
1054,2023-03-14 08:40:00+01:00,-0.00034833333,2023-03-14,08:40:00,2
1055,2023-03-14 08:50:00+01:00,0.0041333335,2023-03-14,08:50:00,2
1056,2023-03-14 09:00:00+01:00,-0.0044213114,2023-03-14,09:00:00,2
1057,2023-03-14 09:10:00+01:00,-0.0011666666,2023-03-14,09:10:00,2
1058,2023-03-14 09:20:00+01:00,0.000555,2023-03-14,09:20:00,2
1059,2023-03-14 09:30:00+01:00,-0.007915,2023-03-14,09:30:00,2
1060,2023-03-14 09:40:00+01:00,0.005515,2023-03-14,09:40:00,2
1061,2023-03-14 09:50:00+01:00,-0.0060166665,2023-03-14,09:50:00,2
1062,2023-03-14 10:00:00+01:00,-0.006495,2023-03-14,10:00:00,2
1063,2023-03-14 10:10:00+01:00,0.00184,2023-03-14,10:10:00,2
1064,2023-03-14 10:20:00+01:00,-0.004495,2023-03-14,10:20:00,2
1065,2023-03-14 10:30:00+01:00,-0.00877,2023-03-14,10:30:00,2
1066,2023-03-14 10:40:00+01:00,-0.0042716665,2023-03-14,10:40:00,2
1067,2023-03-14 10:50:00+01:00,-0.005865,2023-03-14,10:50:00,2
1068,2023-03-14 11:00:00+01:00,-0.0040533333,2023-03-14,11:00:00,2
1069,2023-03-14 11:10:00+01:00,0.00491,2023-03-14,11:10:00,2
1070,2023-03-14 11:20:00+01:00,0.038245,2023-03-14,11:20:00,2
1071,2023-03-14 11:30:00+01:00,-0.0019333333,2023-03-14,11:30:00,2
1072,2023-03-14 11:40:00+01:00,0.024288334,2023-03-14,11:40:00,2
1073,2023-03-14 11:50:00+01:00,-0.016885,2023-03-14,11:50:00,2
1074,2023-03-14 12:00:00+01:00,-0.050891668,2023-03-14,12:00:00,2
1075,2023-03-14 12:10:00+01:00,-0.014441667,2023-03-14,12:10:00,2
1076,2023-03-14 12:20:00+01:00,-0.008885,2023-03-14,12:20:00,2
1077,2023-03-14 12:30:00+01:00,0.024025,2023-03-14,12:30:00,2
1078,2023-03-14 12:40:00+01:00,-0.016695,2023-03-14,12:40:00,2
1079,2023-03-14 12:50:00+01:00,0.022936666,2023-03-14,12:50:00,2
1080,2023-03-14 13:00:00+01:00,-0.086831145,2023-03-14,13:00:00,2
1081,2023-03-14 13:10:00+01:00,-0.00030833334,2023-03-14,13:10:00,2
1082,2023-03-14 13:20:00+01:00,-0.0043533333,2023-03-14,13:20:00,2
1083,2023-03-14 13:30:00+01:00,0.032025,2023-03-14,13:30:00,2
1084,2023-03-14 13:40:00+01:00,0.00847,2023-03-14,13:40:00,2
1085,2023-03-14 13:50:00+01:00,-0.020963334,2023-03-14,13:50:00,2
1086,2023-03-14 14:00:00+01:00,-0.070085,2023-03-14,14:00:00,2
1087,2023-03-14 14:10:00+01:00,-0.004548333,2023-03-14,14:10:00,2
1088,2023-03-14 14:20:00+01:00,-0.029833334,2023-03-14,14:20:00,2
1089,2023-03-14 14:30:00+01:00,-0.021786667,2023-03-14,14:30:00,2
1090,2023-03-14 14:40:00+01:00,-0.9759217,2023-03-14,14:40:00,2
1091,2023-03-14 14:50:00+01:00,-0.30043334,2023-03-14,14:50:00,2
1092,2023-03-14 15:00:00+01:00,-0.453965,2023-03-14,15:00:00,2
1093,2023-03-14 15:10:00+01:00,-0.12313667,2023-03-14,15:10:00,2
1094,2023-03-14 15:20:00+01:00,-1.29699,2023-03-14,15:20:00,2
1095,2023-03-14 15:30:00+01:00,-1.2171583,2023-03-14,15:30:00,2
1096,2023-03-14 15:40:00+01:00,-2.0618882,2023-03-14,15:40:00,2
1097,2023-03-14 15:50:00+01:00,-1.7527016,2023-03-14,15:50:00,2
1098,2023-03-14 16:00:00+01:00,-0.83424336,2023-03-14,16:00:00,2
1099,2023-03-14 16:10:00+01:00,-1.9776434,2023-03-14,16:10:00,2
1100,2023-03-14 16:20:00+01:00,-1.2027383,2023-03-14,16:20:00,2
1101,2023-03-14 16:30:00+01:00,-2.0907366,2023-03-14,16:30:00,2
1102,2023-03-14 16:40:00+01:00,-1.8001384,2023-03-14,16:40:00,2
1103,2023-03-14 16:50:00+01:00,-0.4887,2023-03-14,16:50:00,2
1104,2023-03-14 17:00:00+01:00,-1.2588283,2023-03-14,17:00:00,2
1105,2023-03-14 17:10:00+01:00,-0.9568083,2023-03-14,17:10:00,2
1106,2023-03-14 17:20:00+01:00,-0.7124533,2023-03-14,17:20:00,2
1107,2023-03-14 17:30:00+01:00,-0.23237833,2023-03-14,17:30:00,2
1108,2023-03-14 17:40:00+01:00,0.008045,2023-03-14,17:40:00,2
1109,2023-03-14 17:50:00+01:00,0.0025483333,2023-03-14,17:50:00,2
1110,2023-03-14 18:00:00+01:00,-0.010916667,2023-03-14,18:00:00,2
1111,2023-03-14 18:10:00+01:00,0.0037816667,2023-03-14,18:10:00,2
1112,2023-03-14 18:20:00+01:00,0.0025166667,2023-03-14,18:20:00,2
1113,2023-03-14 18:30:00+01:00,0.14846666,2023-03-14,18:30:00,2
1114,2023-03-14 18:40:00+01:00,0.19467333,2023-03-14,18:40:00,2
1115,2023-03-14 18:50:00+01:00,0.17500333,2023-03-14,18:50:00,2
1116,2023-03-14 19:00:00+01:00,0.35812166,2023-03-14,19:00:00,2
1117,2023-03-14 19:10:00+01:00,-0.026888333,2023-03-14,19:10:00,2
1118,2023-03-14 19:20:00+01:00,-0.00027666666,2023-03-14,19:20:00,2
1119,2023-03-14 19:30:00+01:00,-0.0007133333,2023-03-14,19:30:00,2
1120,2023-03-14 19:40:00+01:00,0.002285,2023-03-14,19:40:00,2
1121,2023-03-14 19:50:00+01:00,-0.0005983333,2023-03-14,19:50:00,2
1122,2023-03-14 20:00:00+01:00,0.011825,2023-03-14,20:00:00,2
1123,2023-03-14 20:10:00+01:00,-0.00755,2023-03-14,20:10:00,2
1124,2023-03-14 20:20:00+01:00,0.004015,2023-03-14,20:20:00,2
1125,2023-03-14 20:30:00+01:00,0.058766667,2023-03-14,20:30:00,2
1126,2023-03-14 20:40:00+01:00,-0.059043333,2023-03-14,20:40:00,2
1127,2023-03-14 20:50:00+01:00,-0.0018383333,2023-03-14,20:50:00,2
1128,2023-03-14 21:00:00+01:00,0.00301,2023-03-14,21:00:00,2
1129,2023-03-14 21:10:00+01:00,0.00036666667,2023-03-14,21:10:00,2
1130,2023-03-14 21:20:00+01:00,-0.0047783335,2023-03-14,21:20:00,2
1131,2023-03-14 21:30:00+01:00,0.0031383333,2023-03-14,21:30:00,2
1132,2023-03-14 21:40:00+01:00,0.00040333334,2023-03-14,21:40:00,2
1133,2023-03-14 21:50:00+01:00,-0.001815,2023-03-14,21:50:00,2
1134,2023-03-14 22:00:00+01:00,-0.00083333335,2023-03-14,22:00:00,2
1135,2023-03-14 22:10:00+01:00,0.000245,2023-03-14,22:10:00,2
1136,2023-03-14 22:20:00+01:00,-0.0028983334,2023-03-14,22:20:00,2
1137,2023-03-14 22:30:00+01:00,-0.0009733333,2023-03-14,22:30:00,2
1138,2023-03-14 22:40:00+01:00,0.0019721312,2023-03-14,22:40:00,2
1139,2023-03-14 22:50:00+01:00,0.00070833333,2023-03-14,22:50:00,2
1140,2023-03-14 23:00:00+01:00,-0.00177,2023-03-14,23:00:00,2
1141,2023-03-14 23:10:00+01:00,0.00023166667,2023-03-14,23:10:00,2
1142,2023-03-14 23:20:00+01:00,1.8333334e-05,2023-03-14,23:20:00,2
1143,2023-03-14 23:30:00+01:00,0.001,2023-03-14,23:30:00,2
1144,2023-03-14 23:40:00+01:00,0.0018916667,2023-03-14,23:40:00,2
1145,2023-03-14 23:50:00+01:00,-0.00026833333,2023-03-14,23:50:00,2
1146,2023-03-15 00:00:00+01:00,0.00048333334,2023-03-15,00:00:00,1
1147,2023-03-15 00:10:00+01:00,-0.000155,2023-03-15,00:10:00,1
1148,2023-03-15 00:20:00+01:00,-0.0028666668,2023-03-15,00:20:00,1
1149,2023-03-15 00:30:00+01:00,0.00020166667,2023-03-15,00:30:00,1
1150,2023-03-15 00:40:00+01:00,0.0021033334,2023-03-15,00:40:00,1
1151,2023-03-15 00:50:00+01:00,-0.00025,2023-03-15,00:50:00,1
1152,2023-03-15 01:00:00+01:00,-0.00023666666,2023-03-15,01:00:00,1
1153,2023-03-15 01:10:00+01:00,0.7439467,2023-03-15,01:10:00,1
1154,2023-03-15 01:20:00+01:00,0.885205,2023-03-15,01:20:00,1
1155,2023-03-15 01:30:00+01:00,0.9103967,2023-03-15,01:30:00,1
1156,2023-03-15 01:40:00+01:00,0.95773333,2023-03-15,01:40:00,1
1157,2023-03-15 01:50:00+01:00,0.95537335,2023-03-15,01:50:00,1
1158,2023-03-15 02:00:00+01:00,0.93541336,2023-03-15,02:00:00,1
1159,2023-03-15 02:10:00+01:00,0.8537083,2023-03-15,02:10:00,1
1160,2023-03-15 02:20:00+01:00,0.865845,2023-03-15,02:20:00,1
1161,2023-03-15 02:30:00+01:00,0.92076665,2023-03-15,02:30:00,1
1162,2023-03-15 02:40:00+01:00,0.919515,2023-03-15,02:40:00,1
1163,2023-03-15 02:50:00+01:00,0.91615665,2023-03-15,02:50:00,1
1164,2023-03-15 03:00:00+01:00,0.84941167,2023-03-15,03:00:00,1
1165,2023-03-15 03:10:00+01:00,0.86714333,2023-03-15,03:10:00,1
1166,2023-03-15 03:20:00+01:00,0.93595666,2023-03-15,03:20:00,1
1167,2023-03-15 03:30:00+01:00,0.94241834,2023-03-15,03:30:00,1
1168,2023-03-15 03:40:00+01:00,0.934935,2023-03-15,03:40:00,1
1169,2023-03-15 03:50:00+01:00,0.89651334,2023-03-15,03:50:00,1
1170,2023-03-15 04:00:00+01:00,0.8746383,2023-03-15,04:00:00,1
1171,2023-03-15 04:10:00+01:00,2.689045,2023-03-15,04:10:00,1
1172,2023-03-15 04:20:00+01:00,3.1327066,2023-03-15,04:20:00,1
1173,2023-03-15 04:30:00+01:00,3.1296632,2023-03-15,04:30:00,1
1174,2023-03-15 04:40:00+01:00,3.1047134,2023-03-15,04:40:00,1
1175,2023-03-15 04:50:00+01:00,3.0651183,2023-03-15,04:50:00,1
1176,2023-03-15 05:00:00+01:00,3.0858917,2023-03-15,05:00:00,1
1177,2023-03-15 05:10:00+01:00,0.9835917,2023-03-15,05:10:00,1
1178,2023-03-15 05:20:00+01:00,0.33599833,2023-03-15,05:20:00,1
1179,2023-03-15 05:30:00+01:00,0.32620335,2023-03-15,05:30:00,1
1180,2023-03-15 05:40:00+01:00,0.26097167,2023-03-15,05:40:00,1
1181,2023-03-15 05:50:00+01:00,0.26525667,2023-03-15,05:50:00,1
1182,2023-03-15 06:00:00+01:00,0.326565,2023-03-15,06:00:00,1
1183,2023-03-15 06:10:00+01:00,0.107285,2023-03-15,06:10:00,1
1184,2023-03-15 06:20:00+01:00,-0.00047666667,2023-03-15,06:20:00,1
1185,2023-03-15 06:30:00+01:00,-0.0006133333,2023-03-15,06:30:00,1
1186,2023-03-15 06:40:00+01:00,-0.00166,2023-03-15,06:40:00,1
1187,2023-03-15 06:50:00+01:00,0.008535,2023-03-15,06:50:00,1
1188,2023-03-15 07:00:00+01:00,-0.0136216665,2023-03-15,07:00:00,1
1189,2023-03-15 07:10:00+01:00,-0.0023316666,2023-03-15,07:10:00,1
1190,2023-03-15 07:20:00+01:00,0.00568,2023-03-15,07:20:00,1
1191,2023-03-15 07:30:00+01:00,-0.008213334,2023-03-15,07:30:00,1
1192,2023-03-15 07:40:00+01:00,0.0017533334,2023-03-15,07:40:00,1
1193,2023-03-15 07:50:00+01:00,0.00036666667,2023-03-15,07:50:00,1
1194,2023-03-15 08:00:00+01:00,7.833333e-05,2023-03-15,08:00:00,1
1195,2023-03-15 08:10:00+01:00,0.0016966667,2023-03-15,08:10:00,1
1196,2023-03-15 08:20:00+01:00,-0.0025916668,2023-03-15,08:20:00,1
1197,2023-03-15 08:30:00+01:00,-0.00121,2023-03-15,08:30:00,1
1198,2023-03-15 08:40:00+01:00,0.00206,2023-03-15,08:40:00,1
1199,2023-03-15 08:50:00+01:00,0.0014383333,2023-03-15,08:50:00,1
1200,2023-03-15 09:00:00+01:00,0.00646,2023-03-15,09:00:00,1
1201,2023-03-15 09:10:00+01:00,0.00293,2023-03-15,09:10:00,1
1202,2023-03-15 09:20:00+01:00,-0.00582,2023-03-15,09:20:00,1
1203,2023-03-15 09:30:00+01:00,0.002215,2023-03-15,09:30:00,1
1204,2023-03-15 09:40:00+01:00,0.05864167,2023-03-15,09:40:00,1
1205,2023-03-15 09:50:00+01:00,-0.014026667,2023-03-15,09:50:00,1
1206,2023-03-15 10:00:00+01:00,0.013926666,2023-03-15,10:00:00,1
1207,2023-03-15 10:10:00+01:00,0.00367,2023-03-15,10:10:00,1
1208,2023-03-15 10:20:00+01:00,0.0011166667,2023-03-15,10:20:00,1
1209,2023-03-15 10:30:00+01:00,0.005095,2023-03-15,10:30:00,1
1210,2023-03-15 10:40:00+01:00,-0.008548333,2023-03-15,10:40:00,1
1211,2023-03-15 10:50:00+01:00,0.015883334,2023-03-15,10:50:00,1
1212,2023-03-15 11:00:00+01:00,-0.007873333,2023-03-15,11:00:00,1
1213,2023-03-15 11:10:00+01:00,0.00697,2023-03-15,11:10:00,1
1214,2023-03-15 11:20:00+01:00,-0.028315,2023-03-15,11:20:00,1
1215,2023-03-15 11:30:00+01:00,-0.0019316666,2023-03-15,11:30:00,1
1216,2023-03-15 11:40:00+01:00,0.031041667,2023-03-15,11:40:00,1
1217,2023-03-15 11:50:00+01:00,0.017633334,2023-03-15,11:50:00,1
1218,2023-03-15 12:00:00+01:00,-0.046093334,2023-03-15,12:00:00,1
1219,2023-03-15 12:10:00+01:00,-0.00087213115,2023-03-15,12:10:00,1
1220,2023-03-15 12:20:00+01:00,0.0033466667,2023-03-15,12:20:00,1
1221,2023-03-15 12:30:00+01:00,0.006796667,2023-03-15,12:30:00,1
1222,2023-03-15 12:40:00+01:00,0.01102,2023-03-15,12:40:00,1
1223,2023-03-15 12:50:00+01:00,-0.010786667,2023-03-15,12:50:00,1
1224,2023-03-15 13:00:00+01:00,-0.04064667,2023-03-15,13:00:00,1
1225,2023-03-15 13:10:00+01:00,-0.45661834,2023-03-15,13:10:00,1
1226,2023-03-15 13:20:00+01:00,-1.771895,2023-03-15,13:20:00,1
1227,2023-03-15 13:30:00+01:00,-2.7253883,2023-03-15,13:30:00,1
1228,2023-03-15 13:40:00+01:00,-2.734545,2023-03-15,13:40:00,1
1229,2023-03-15 13:50:00+01:00,-1.2913216,2023-03-15,13:50:00,1
1230,2023-03-15 14:00:00+01:00,-1.8799584,2023-03-15,14:00:00,1
1231,2023-03-15 14:10:00+01:00,-1.3034717,2023-03-15,14:10:00,1
1232,2023-03-15 14:20:00+01:00,-1.23054,2023-03-15,14:20:00,1
1233,2023-03-15 14:30:00+01:00,-2.1178768,2023-03-15,14:30:00,1
1234,2023-03-15 14:40:00+01:00,-2.5971417,2023-03-15,14:40:00,1
1235,2023-03-15 14:50:00+01:00,-2.3631716,2023-03-15,14:50:00,1
1236,2023-03-15 15:00:00+01:00,-2.5252533,2023-03-15,15:00:00,1
1237,2023-03-15 15:10:00+01:00,-2.165255,2023-03-15,15:10:00,1
1238,2023-03-15 15:20:00+01:00,-1.80871,2023-03-15,15:20:00,1
1239,2023-03-15 15:30:00+01:00,-1.4698633,2023-03-15,15:30:00,1
1240,2023-03-15 15:40:00+01:00,-0.85389,2023-03-15,15:40:00,1
1241,2023-03-15 15:50:00+01:00,-0.6054933,2023-03-15,15:50:00,1
1242,2023-03-15 16:00:00+01:00,-0.7792233,2023-03-15,16:00:00,1
1243,2023-03-15 16:10:00+01:00,-2.0888984,2023-03-15,16:10:00,1
1244,2023-03-15 16:20:00+01:00,-1.8660383,2023-03-15,16:20:00,1
1245,2023-03-15 16:30:00+01:00,-1.0113866,2023-03-15,16:30:00,1
1246,2023-03-15 16:40:00+01:00,-1.27359,2023-03-15,16:40:00,1
1247,2023-03-15 16:50:00+01:00,-1.0491067,2023-03-15,16:50:00,1
1248,2023-03-15 17:00:00+01:00,-0.22031833,2023-03-15,17:00:00,1
1249,2023-03-15 17:10:00+01:00,0.00046333333,2023-03-15,17:10:00,1
1250,2023-03-15 17:20:00+01:00,0.01244,2023-03-15,17:20:00,1
1251,2023-03-15 17:30:00+01:00,-0.0007433333,2023-03-15,17:30:00,1
1252,2023-03-15 17:40:00+01:00,0.003285,2023-03-15,17:40:00,1
1253,2023-03-15 17:50:00+01:00,0.001225,2023-03-15,17:50:00,1
1254,2023-03-15 18:00:00+01:00,-0.006175,2023-03-15,18:00:00,1
1255,2023-03-15 18:10:00+01:00,-0.001115,2023-03-15,18:10:00,1
1256,2023-03-15 18:20:00+01:00,-0.008065,2023-03-15,18:20:00,1
1257,2023-03-15 18:30:00+01:00,0.0063816668,2023-03-15,18:30:00,1
1258,2023-03-15 18:40:00+01:00,0.000555,2023-03-15,18:40:00,1
1259,2023-03-15 18:50:00+01:00,-0.0021516667,2023-03-15,18:50:00,1
1260,2023-03-15 19:00:00+01:00,0.0032633333,2023-03-15,19:00:00,1
1261,2023-03-15 19:10:00+01:00,-0.016471667,2023-03-15,19:10:00,1
1262,2023-03-15 19:20:00+01:00,0.020191666,2023-03-15,19:20:00,1
1263,2023-03-15 19:30:00+01:00,0.0010016666,2023-03-15,19:30:00,1
1264,2023-03-15 19:40:00+01:00,0.004445,2023-03-15,19:40:00,1
1265,2023-03-15 19:50:00+01:00,-0.0011816666,2023-03-15,19:50:00,1
1266,2023-03-15 20:00:00+01:00,0.0030666667,2023-03-15,20:00:00,1
1267,2023-03-15 20:10:00+01:00,0.0024016667,2023-03-15,20:10:00,1
1268,2023-03-15 20:20:00+01:00,4.1666666e-05,2023-03-15,20:20:00,1
1269,2023-03-15 20:30:00+01:00,0.0012916666,2023-03-15,20:30:00,1
1270,2023-03-15 20:40:00+01:00,0.0045466665,2023-03-15,20:40:00,1
1271,2023-03-15 20:50:00+01:00,-0.002785,2023-03-15,20:50:00,1
1272,2023-03-15 21:00:00+01:00,-0.00169,2023-03-15,21:00:00,1
1273,2023-03-15 21:10:00+01:00,-0.000855,2023-03-15,21:10:00,1
1274,2023-03-15 21:20:00+01:00,-0.0045283334,2023-03-15,21:20:00,1
1275,2023-03-15 21:30:00+01:00,-0.0039783334,2023-03-15,21:30:00,1
1276,2023-03-15 21:40:00+01:00,-6.8333335e-05,2023-03-15,21:40:00,1
1277,2023-03-15 21:50:00+01:00,0.00052833336,2023-03-15,21:50:00,1
1278,2023-03-15 22:00:00+01:00,-0.00069666666,2023-03-15,22:00:00,1
1279,2023-03-15 22:10:00+01:00,-0.0012816667,2023-03-15,22:10:00,1
1280,2023-03-15 22:20:00+01:00,0.000625,2023-03-15,22:20:00,1
1281,2023-03-15 22:30:00+01:00,-0.00082333334,2023-03-15,22:30:00,1
1282,2023-03-15 22:40:00+01:00,-0.00065166666,2023-03-15,22:40:00,1
1283,2023-03-15 22:50:00+01:00,0.0014683333,2023-03-15,22:50:00,1
1284,2023-03-15 23:00:00+01:00,-0.0013533334,2023-03-15,23:00:00,1
1285,2023-03-15 23:10:00+01:00,0.0021233333,2023-03-15,23:10:00,1
1286,2023-03-15 23:20:00+01:00,-0.00376,2023-03-15,23:20:00,1
1287,2023-03-15 23:30:00+01:00,-0.0026683332,2023-03-15,23:30:00,1
1288,2023-03-15 23:40:00+01:00,0.030041667,2023-03-15,23:40:00,1
1289,2023-03-15 23:50:00+01:00,-0.00050666666,2023-03-15,23:50:00,1
1290,2023-03-16 00:00:00+01:00,-0.029723333,2023-03-16,00:00:00,0
1291,2023-03-16 00:10:00+01:00,0.035028335,2023-03-16,00:10:00,0
1292,2023-03-16 00:20:00+01:00,-0.046483334,2023-03-16,00:20:00,0
1293,2023-03-16 00:30:00+01:00,0.009918333,2023-03-16,00:30:00,0
1294,2023-03-16 00:40:00+01:00,0.00050666666,2023-03-16,00:40:00,0
1295,2023-03-16 00:50:00+01:00,-0.0045566666,2023-03-16,00:50:00,0
1296,2023-03-16 01:00:00+01:00,-0.0009866667,2023-03-16,01:00:00,0
1297,2023-03-16 01:10:00+01:00,-0.0024816666,2023-03-16,01:10:00,0
1298,2023-03-16 01:20:00+01:00,1e-05,2023-03-16,01:20:00,0
1299,2023-03-16 01:30:00+01:00,0.06902333,2023-03-16,01:30:00,0
1300,2023-03-16 01:40:00+01:00,-0.00088,2023-03-16,01:40:00,0
1301,2023-03-16 01:50:00+01:00,-0.061996665,2023-03-16,01:50:00,0
1302,2023-03-16 02:00:00+01:00,0.000865,2023-03-16,02:00:00,0
1303,2023-03-16 02:10:00+01:00,-0.0023516666,2023-03-16,02:10:00,0
1304,2023-03-16 02:20:00+01:00,0.000105,2023-03-16,02:20:00,0
1305,2023-03-16 02:30:00+01:00,0.00196,2023-03-16,02:30:00,0
1306,2023-03-16 02:40:00+01:00,-0.00030666665,2023-03-16,02:40:00,0
1307,2023-03-16 02:50:00+01:00,-4.5e-05,2023-03-16,02:50:00,0
1308,2023-03-16 03:00:00+01:00,0.0005016667,2023-03-16,03:00:00,0
1309,2023-03-16 03:10:00+01:00,-0.0015533334,2023-03-16,03:10:00,0
1310,2023-03-16 03:20:00+01:00,0.0005383333,2023-03-16,03:20:00,0
1311,2023-03-16 03:30:00+01:00,0.0016866666,2023-03-16,03:30:00,0
1312,2023-03-16 03:40:00+01:00,-0.000545,2023-03-16,03:40:00,0
1313,2023-03-16 03:50:00+01:00,7e-05,2023-03-16,03:50:00,0
1314,2023-03-16 04:00:00+01:00,0.00151,2023-03-16,04:00:00,0
1315,2023-03-16 04:10:00+01:00,-0.000675,2023-03-16,04:10:00,0
1316,2023-03-16 04:20:00+01:00,0.0010083333,2023-03-16,04:20:00,0
1317,2023-03-16 04:30:00+01:00,0.00055166666,2023-03-16,04:30:00,0
1318,2023-03-16 04:40:00+01:00,-5.1666666e-05,2023-03-16,04:40:00,0
1319,2023-03-16 04:50:00+01:00,-0.00077333336,2023-03-16,04:50:00,0
1320,2023-03-16 05:00:00+01:00,0.003875,2023-03-16,05:00:00,0
1321,2023-03-16 05:10:00+01:00,-0.00013666667,2023-03-16,05:10:00,0
1322,2023-03-16 05:20:00+01:00,-0.0020583333,2023-03-16,05:20:00,0
1323,2023-03-16 05:30:00+01:00,-0.00102,2023-03-16,05:30:00,0
1324,2023-03-16 05:40:00+01:00,0.00061833335,2023-03-16,05:40:00,0
1325,2023-03-16 05:50:00+01:00,-0.0010833333,2023-03-16,05:50:00,0
1326,2023-03-16 06:00:00+01:00,0.000315,2023-03-16,06:00:00,0
1327,2023-03-16 06:10:00+01:00,-0.0029533333,2023-03-16,06:10:00,0
1328,2023-03-16 06:20:00+01:00,0.0006,2023-03-16,06:20:00,0
1329,2023-03-16 06:30:00+01:00,0.052506667,2023-03-16,06:30:00,0
1330,2023-03-16 06:40:00+01:00,0.50527835,2023-03-16,06:40:00,0
1331,2023-03-16 06:50:00+01:00,1.3645017,2023-03-16,06:50:00,0
1332,2023-03-16 07:00:00+01:00,2.0740683,2023-03-16,07:00:00,0
1333,2023-03-16 07:10:00+01:00,0.31305668,2023-03-16,07:10:00,0
1334,2023-03-16 07:20:00+01:00,0.12536667,2023-03-16,07:20:00,0
1335,2023-03-16 07:30:00+01:00,0.09892666,2023-03-16,07:30:00,0
1336,2023-03-16 07:40:00+01:00,0.06826167,2023-03-16,07:40:00,0
1337,2023-03-16 07:50:00+01:00,-0.023128333,2023-03-16,07:50:00,0
1338,2023-03-16 08:00:00+01:00,-0.014695,2023-03-16,08:00:00,0
1339,2023-03-16 08:10:00+01:00,-0.00037,2023-03-16,08:10:00,0
1340,2023-03-16 08:20:00+01:00,0.0023766668,2023-03-16,08:20:00,0
1341,2023-03-16 08:30:00+01:00,-0.00207,2023-03-16,08:30:00,0
1342,2023-03-16 08:40:00+01:00,4.5e-05,2023-03-16,08:40:00,0
1343,2023-03-16 08:50:00+01:00,-0.028628333,2023-03-16,08:50:00,0
1344,2023-03-16 09:00:00+01:00,-0.001335,2023-03-16,09:00:00,0
1345,2023-03-16 09:10:00+01:00,0.0041683335,2023-03-16,09:10:00,0
1346,2023-03-16 09:20:00+01:00,-0.00509,2023-03-16,09:20:00,0
1347,2023-03-16 09:30:00+01:00,-0.0058116666,2023-03-16,09:30:00,0
1348,2023-03-16 09:40:00+01:00,-0.001565,2023-03-16,09:40:00,0
1349,2023-03-16 09:50:00+01:00,-0.0036666666,2023-03-16,09:50:00,0
1350,2023-03-16 10:00:00+01:00,-0.000475,2023-03-16,10:00:00,0
1351,2023-03-16 10:10:00+01:00,-0.000121666664,2023-03-16,10:10:00,0
1352,2023-03-16 10:20:00+01:00,-0.002205,2023-03-16,10:20:00,0
1353,2023-03-16 10:30:00+01:00,-0.0035166666,2023-03-16,10:30:00,0
1354,2023-03-16 10:40:00+01:00,-0.0040183333,2023-03-16,10:40:00,0
1355,2023-03-16 10:50:00+01:00,0.00466,2023-03-16,10:50:00,0
1356,2023-03-16 11:00:00+01:00,-0.0060333335,2023-03-16,11:00:00,0
1357,2023-03-16 11:10:00+01:00,-0.016596667,2023-03-16,11:10:00,0
1358,2023-03-16 11:20:00+01:00,0.00093166664,2023-03-16,11:20:00,0
1359,2023-03-16 11:30:00+01:00,0.00475,2023-03-16,11:30:00,0
1360,2023-03-16 11:40:00+01:00,-0.0231,2023-03-16,11:40:00,0
1361,2023-03-16 11:50:00+01:00,-0.0030266666,2023-03-16,11:50:00,0
1362,2023-03-16 12:00:00+01:00,-0.00909,2023-03-16,12:00:00,0
1363,2023-03-16 12:10:00+01:00,-0.0017583333,2023-03-16,12:10:00,0
1364,2023-03-16 12:20:00+01:00,0.0029883333,2023-03-16,12:20:00,0
1365,2023-03-16 12:30:00+01:00,0.003735,2023-03-16,12:30:00,0
1366,2023-03-16 12:40:00+01:00,-0.00515,2023-03-16,12:40:00,0
1367,2023-03-16 12:50:00+01:00,0.0077683334,2023-03-16,12:50:00,0
1368,2023-03-16 13:00:00+01:00,0.011538333,2023-03-16,13:00:00,0
1369,2023-03-16 13:10:00+01:00,-0.010185,2023-03-16,13:10:00,0
1370,2023-03-16 13:20:00+01:00,0.0020033333,2023-03-16,13:20:00,0
1371,2023-03-16 13:30:00+01:00,0.008725,2023-03-16,13:30:00,0
1372,2023-03-16 13:40:00+01:00,-0.0040033334,2023-03-16,13:40:00,0
1373,2023-03-16 13:50:00+01:00,0.0025366666,2023-03-16,13:50:00,0
1374,2023-03-16 14:00:00+01:00,-0.0027216666,2023-03-16,14:00:00,0
1375,2023-03-16 14:10:00+01:00,-0.00019,2023-03-16,14:10:00,0
1376,2023-03-16 14:20:00+01:00,0.049418334,2023-03-16,14:20:00,0
1377,2023-03-16 14:30:00+01:00,-0.041231666,2023-03-16,14:30:00,0
1378,2023-03-16 14:40:00+01:00,-0.01586,2023-03-16,14:40:00,0
1379,2023-03-16 14:50:00+01:00,-0.028215,2023-03-16,14:50:00,0
1380,2023-03-16 15:00:00+01:00,0.038876668,2023-03-16,15:00:00,0
1381,2023-03-16 15:10:00+01:00,0.015003333,2023-03-16,15:10:00,0
1382,2023-03-16 15:20:00+01:00,0.006208333,2023-03-16,15:20:00,0
1383,2023-03-16 15:30:00+01:00,0.0061283335,2023-03-16,15:30:00,0
1384,2023-03-16 15:40:00+01:00,0.0017616666,2023-03-16,15:40:00,0
1385,2023-03-16 15:50:00+01:00,-0.0018366667,2023-03-16,15:50:00,0
1386,2023-03-16 16:00:00+01:00,0.0133133335,2023-03-16,16:00:00,0
1387,2023-03-16 16:10:00+01:00,-0.005266667,2023-03-16,16:10:00,0
1388,2023-03-16 16:20:00+01:00,0.0072933333,2023-03-16,16:20:00,0
1389,2023-03-16 16:30:00+01:00,-0.00611,2023-03-16,16:30:00,0
1390,2023-03-16 16:40:00+01:00,0.0024016667,2023-03-16,16:40:00,0
1391,2023-03-16 16:50:00+01:00,0.0022316666,2023-03-16,16:50:00,0
1392,2023-03-16 17:00:00+01:00,0.0013216666,2023-03-16,17:00:00,0
1393,2023-03-16 17:10:00+01:00,0.004773333,2023-03-16,17:10:00,0
1394,2023-03-16 17:20:00+01:00,-0.0057983333,2023-03-16,17:20:00,0
1395,2023-03-16 17:30:00+01:00,0.006246667,2023-03-16,17:30:00,0
1396,2023-03-16 17:40:00+01:00,-0.002305,2023-03-16,17:40:00,0
1397,2023-03-16 17:50:00+01:00,-0.00063333334,2023-03-16,17:50:00,0
1398,2023-03-16 18:00:00+01:00,-0.00081833336,2023-03-16,18:00:00,0
1399,2023-03-16 18:10:00+01:00,0.00185,2023-03-16,18:10:00,0
1400,2023-03-16 18:20:00+01:00,0.0013616667,2023-03-16,18:20:00,0
1401,2023-03-16 18:30:00+01:00,0.00196,2023-03-16,18:30:00,0
1402,2023-03-16 18:40:00+01:00,-0.0018133334,2023-03-16,18:40:00,0
1403,2023-03-16 18:50:00+01:00,0.0061783334,2023-03-16,18:50:00,0
1404,2023-03-16 19:00:00+01:00,-0.00025666668,2023-03-16,19:00:00,0
1405,2023-03-16 19:10:00+01:00,0.0010566667,2023-03-16,19:10:00,0
1406,2023-03-16 19:20:00+01:00,-0.000855,2023-03-16,19:20:00,0
1407,2023-03-16 19:30:00+01:00,0.00022833333,2023-03-16,19:30:00,0
1408,2023-03-16 19:40:00+01:00,0.0022983334,2023-03-16,19:40:00,0
1409,2023-03-16 19:50:00+01:00,-0.0018266666,2023-03-16,19:50:00,0
1410,2023-03-16 20:00:00+01:00,-0.0032416666,2023-03-16,20:00:00,0
1411,2023-03-16 20:10:00+01:00,0.0017616666,2023-03-16,20:10:00,0
1412,2023-03-16 20:20:00+01:00,0.0024616667,2023-03-16,20:20:00,0
1413,2023-03-16 20:30:00+01:00,-0.0038233334,2023-03-16,20:30:00,0
1414,2023-03-16 20:40:00+01:00,-0.00064,2023-03-16,20:40:00,0
1415,2023-03-16 20:50:00+01:00,0.009916667,2023-03-16,20:50:00,0
1416,2023-03-16 21:00:00+01:00,-0.00797,2023-03-16,21:00:00,0
1417,2023-03-16 21:10:00+01:00,0.00145,2023-03-16,21:10:00,0
1418,2023-03-16 21:20:00+01:00,0.000885,2023-03-16,21:20:00,0
